"","duration_sub","Freq"
"1","60",78
"2","61",81
"3","62",86
"4","63",77
"5","64",72
"6","65",76
"7","66",69
"8","67",69
"9","68",80
"10","69",62
"11","70",65
"12","71",64
"13","72",68
"14","73",76
"15","74",64
"16","75",79
"17","76",63
"18","77",61
"19","78",55
"20","79",66
"21","80",62
"22","81",66
"23","82",76
"24","83",82
"25","84",83
"26","85",86
"27","86",72
"28","87",81
"29","88",89
"30","89",88
"31","90",102
"32","91",115
"33","92",107
"34","93",116
"35","94",105
"36","95",122
"37","96",121
"38","97",137
"39","98",118
"40","99",139
"41","100",135
"42","101",126
"43","102",144
"44","103",154
"45","104",167
"46","105",144
"47","106",178
"48","107",177
"49","108",192
"50","109",182
"51","110",203
"52","111",206
"53","112",190
"54","113",208
"55","114",232
"56","115",193
"57","116",221
"58","117",214
"59","118",234
"60","119",247
"61","120",245
"62","121",251
"63","122",235
"64","123",291
"65","124",269
"66","125",301
"67","126",258
"68","127",290
"69","128",315
"70","129",285
"71","130",280
"72","131",316
"73","132",302
"74","133",331
"75","134",324
"76","135",358
"77","136",335
"78","137",329
"79","138",349
"80","139",332
"81","140",365
"82","141",414
"83","142",399
"84","143",413
"85","144",382
"86","145",461
"87","146",424
"88","147",405
"89","148",436
"90","149",446
"91","150",455
"92","151",483
"93","152",457
"94","153",479
"95","154",452
"96","155",476
"97","156",490
"98","157",484
"99","158",497
"100","159",487
"101","160",467
"102","161",512
"103","162",555
"104","163",511
"105","164",542
"106","165",559
"107","166",534
"108","167",519
"109","168",573
"110","169",563
"111","170",612
"112","171",592
"113","172",628
"114","173",587
"115","174",609
"116","175",561
"117","176",601
"118","177",633
"119","178",618
"120","179",617
"121","180",634
"122","181",633
"123","182",682
"124","183",673
"125","184",702
"126","185",656
"127","186",633
"128","187",643
"129","188",712
"130","189",697
"131","190",665
"132","191",659
"133","192",698
"134","193",712
"135","194",747
"136","195",704
"137","196",729
"138","197",733
"139","198",732
"140","199",753
"141","200",737
"142","201",784
"143","202",786
"144","203",762
"145","204",796
"146","205",767
"147","206",747
"148","207",770
"149","208",784
"150","209",753
"151","210",827
"152","211",807
"153","212",832
"154","213",803
"155","214",842
"156","215",858
"157","216",821
"158","217",815
"159","218",850
"160","219",807
"161","220",799
"162","221",836
"163","222",819
"164","223",883
"165","224",841
"166","225",835
"167","226",844
"168","227",901
"169","228",887
"170","229",886
"171","230",852
"172","231",861
"173","232",831
"174","233",856
"175","234",903
"176","235",862
"177","236",854
"178","237",903
"179","238",867
"180","239",894
"181","240",837
"182","241",925
"183","242",937
"184","243",912
"185","244",916
"186","245",921
"187","246",925
"188","247",930
"189","248",898
"190","249",939
"191","250",935
"192","251",954
"193","252",936
"194","253",970
"195","254",946
"196","255",936
"197","256",940
"198","257",943
"199","258",972
"200","259",952
"201","260",917
"202","261",975
"203","262",994
"204","263",902
"205","264",946
"206","265",1011
"207","266",1004
"208","267",943
"209","268",977
"210","269",966
"211","270",993
"212","271",950
"213","272",915
"214","273",961
"215","274",971
"216","275",975
"217","276",1005
"218","277",968
"219","278",956
"220","279",949
"221","280",954
"222","281",1019
"223","282",984
"224","283",993
"225","284",1007
"226","285",986
"227","286",1041
"228","287",950
"229","288",997
"230","289",1023
"231","290",963
"232","291",984
"233","292",1046
"234","293",968
"235","294",969
"236","295",950
"237","296",964
"238","297",1038
"239","298",999
"240","299",1034
"241","300",984
"242","301",985
"243","302",976
"244","303",901
"245","304",977
"246","305",983
"247","306",995
"248","307",980
"249","308",1007
"250","309",1026
"251","310",990
"252","311",975
"253","312",927
"254","313",1027
"255","314",1001
"256","315",1007
"257","316",1025
"258","317",1001
"259","318",1059
"260","319",1008
"261","320",981
"262","321",966
"263","322",982
"264","323",1054
"265","324",1003
"266","325",1023
"267","326",1025
"268","327",1018
"269","328",993
"270","329",1013
"271","330",1042
"272","331",1031
"273","332",1097
"274","333",1010
"275","334",988
"276","335",982
"277","336",968
"278","337",972
"279","338",1050
"280","339",1025
"281","340",971
"282","341",1041
"283","342",1032
"284","343",991
"285","344",1039
"286","345",1029
"287","346",1036
"288","347",1031
"289","348",1043
"290","349",1036
"291","350",1046
"292","351",998
"293","352",998
"294","353",1050
"295","354",1046
"296","355",1026
"297","356",1006
"298","357",991
"299","358",972
"300","359",1033
"301","360",1026
"302","361",1051
"303","362",1093
"304","363",1026
"305","364",1094
"306","365",976
"307","366",1044
"308","367",1070
"309","368",936
"310","369",992
"311","370",1014
"312","371",1024
"313","372",1039
"314","373",996
"315","374",941
"316","375",977
"317","376",952
"318","377",1031
"319","378",974
"320","379",973
"321","380",1020
"322","381",957
"323","382",1060
"324","383",964
"325","384",1034
"326","385",999
"327","386",993
"328","387",959
"329","388",959
"330","389",1030
"331","390",984
"332","391",1061
"333","392",1023
"334","393",983
"335","394",1007
"336","395",1006
"337","396",999
"338","397",982
"339","398",951
"340","399",967
"341","400",983
"342","401",1009
"343","402",1024
"344","403",1002
"345","404",988
"346","405",988
"347","406",973
"348","407",1009
"349","408",980
"350","409",1069
"351","410",978
"352","411",966
"353","412",983
"354","413",983
"355","414",975
"356","415",1029
"357","416",1009
"358","417",982
"359","418",982
"360","419",978
"361","420",1001
"362","421",951
"363","422",951
"364","423",1009
"365","424",972
"366","425",970
"367","426",969
"368","427",957
"369","428",1006
"370","429",997
"371","430",962
"372","431",919
"373","432",980
"374","433",1011
"375","434",991
"376","435",925
"377","436",997
"378","437",933
"379","438",1012
"380","439",968
"381","440",925
"382","441",945
"383","442",962
"384","443",986
"385","444",948
"386","445",995
"387","446",978
"388","447",953
"389","448",956
"390","449",970
"391","450",950
"392","451",989
"393","452",938
"394","453",964
"395","454",954
"396","455",1074
"397","456",957
"398","457",939
"399","458",935
"400","459",941
"401","460",920
"402","461",1012
"403","462",945
"404","463",989
"405","464",963
"406","465",979
"407","466",988
"408","467",948
"409","468",971
"410","469",910
"411","470",947
"412","471",900
"413","472",935
"414","473",896
"415","474",956
"416","475",930
"417","476",944
"418","477",902
"419","478",916
"420","479",916
"421","480",992
"422","481",939
"423","482",912
"424","483",900
"425","484",938
"426","485",912
"427","486",964
"428","487",927
"429","488",925
"430","489",968
"431","490",937
"432","491",952
"433","492",917
"434","493",964
"435","494",900
"436","495",960
"437","496",889
"438","497",925
"439","498",925
"440","499",868
"441","500",893
"442","501",944
"443","502",941
"444","503",856
"445","504",964
"446","505",924
"447","506",936
"448","507",879
"449","508",881
"450","509",902
"451","510",971
"452","511",903
"453","512",854
"454","513",931
"455","514",911
"456","515",944
"457","516",959
"458","517",897
"459","518",915
"460","519",853
"461","520",905
"462","521",928
"463","522",881
"464","523",924
"465","524",830
"466","525",899
"467","526",866
"468","527",860
"469","528",912
"470","529",914
"471","530",857
"472","531",880
"473","532",908
"474","533",868
"475","534",831
"476","535",930
"477","536",853
"478","537",938
"479","538",858
"480","539",858
"481","540",843
"482","541",805
"483","542",848
"484","543",906
"485","544",906
"486","545",856
"487","546",878
"488","547",874
"489","548",869
"490","549",865
"491","550",854
"492","551",843
"493","552",802
"494","553",884
"495","554",883
"496","555",851
"497","556",889
"498","557",835
"499","558",844
"500","559",840
"501","560",829
"502","561",863
"503","562",930
"504","563",882
"505","564",825
"506","565",836
"507","566",830
"508","567",841
"509","568",853
"510","569",860
"511","570",828
"512","571",845
"513","572",803
"514","573",814
"515","574",833
"516","575",808
"517","576",792
"518","577",843
"519","578",872
"520","579",804
"521","580",846
"522","581",801
"523","582",799
"524","583",865
"525","584",800
"526","585",797
"527","586",779
"528","587",813
"529","588",870
"530","589",779
"531","590",834
"532","591",835
"533","592",777
"534","593",826
"535","594",844
"536","595",773
"537","596",764
"538","597",836
"539","598",788
"540","599",794
"541","600",722
"542","601",780
"543","602",778
"544","603",816
"545","604",808
"546","605",826
"547","606",844
"548","607",779
"549","608",768
"550","609",740
"551","610",827
"552","611",783
"553","612",721
"554","613",789
"555","614",788
"556","615",816
"557","616",811
"558","617",836
"559","618",802
"560","619",772
"561","620",768
"562","621",788
"563","622",759
"564","623",757
"565","624",778
"566","625",716
"567","626",791
"568","627",742
"569","628",716
"570","629",695
"571","630",790
"572","631",750
"573","632",741
"574","633",756
"575","634",697
"576","635",766
"577","636",733
"578","637",749
"579","638",759
"580","639",755
"581","640",751
"582","641",754
"583","642",725
"584","643",736
"585","644",733
"586","645",734
"587","646",735
"588","647",700
"589","648",710
"590","649",768
"591","650",732
"592","651",749
"593","652",736
"594","653",746
"595","654",769
"596","655",750
"597","656",745
"598","657",710
"599","658",755
"600","659",689
"601","660",728
"602","661",678
"603","662",724
"604","663",692
"605","664",685
"606","665",693
"607","666",712
"608","667",713
"609","668",701
"610","669",723
"611","670",705
"612","671",669
"613","672",715
"614","673",668
"615","674",698
"616","675",722
"617","676",696
"618","677",740
"619","678",715
"620","679",636
"621","680",630
"622","681",760
"623","682",689
"624","683",690
"625","684",712
"626","685",691
"627","686",643
"628","687",687
"629","688",698
"630","689",684
"631","690",641
"632","691",754
"633","692",652
"634","693",616
"635","694",690
"636","695",619
"637","696",685
"638","697",658
"639","698",644
"640","699",685
"641","700",748
"642","701",709
"643","702",646
"644","703",737
"645","704",668
"646","705",621
"647","706",693
"648","707",651
"649","708",703
"650","709",643
"651","710",625
"652","711",681
"653","712",691
"654","713",688
"655","714",665
"656","715",653
"657","716",673
"658","717",630
"659","718",674
"660","719",667
"661","720",675
"662","721",654
"663","722",637
"664","723",652
"665","724",700
"666","725",645
"667","726",642
"668","727",685
"669","728",632
"670","729",650
"671","730",624
"672","731",647
"673","732",592
"674","733",631
"675","734",642
"676","735",649
"677","736",699
"678","737",649
"679","738",634
"680","739",619
"681","740",635
"682","741",634
"683","742",588
"684","743",669
"685","744",599
"686","745",619
"687","746",583
"688","747",608
"689","748",652
"690","749",612
"691","750",633
"692","751",630
"693","752",623
"694","753",571
"695","754",637
"696","755",668
"697","756",615
"698","757",580
"699","758",593
"700","759",609
"701","760",580
"702","761",592
"703","762",605
"704","763",616
"705","764",605
"706","765",623
"707","766",637
"708","767",606
"709","768",611
"710","769",655
"711","770",623
"712","771",641
"713","772",655
"714","773",624
"715","774",601
"716","775",588
"717","776",618
"718","777",584
"719","778",605
"720","779",633
"721","780",626
"722","781",622
"723","782",553
"724","783",570
"725","784",571
"726","785",583
"727","786",601
"728","787",557
"729","788",572
"730","789",580
"731","790",584
"732","791",577
"733","792",563
"734","793",584
"735","794",625
"736","795",573
"737","796",573
"738","797",618
"739","798",618
"740","799",553
"741","800",601
"742","801",610
"743","802",547
"744","803",631
"745","804",580
"746","805",592
"747","806",555
"748","807",591
"749","808",550
"750","809",604
"751","810",600
"752","811",546
"753","812",612
"754","813",568
"755","814",545
"756","815",571
"757","816",554
"758","817",554
"759","818",568
"760","819",583
"761","820",555
"762","821",551
"763","822",562
"764","823",560
"765","824",619
"766","825",526
"767","826",556
"768","827",571
"769","828",572
"770","829",522
"771","830",550
"772","831",539
"773","832",549
"774","833",532
"775","834",554
"776","835",533
"777","836",542
"778","837",553
"779","838",555
"780","839",538
"781","840",471
"782","841",528
"783","842",529
"784","843",535
"785","844",520
"786","845",554
"787","846",523
"788","847",533
"789","848",516
"790","849",542
"791","850",509
"792","851",523
"793","852",552
"794","853",495
"795","854",525
"796","855",523
"797","856",512
"798","857",565
"799","858",553
"800","859",525
"801","860",521
"802","861",543
"803","862",514
"804","863",498
"805","864",550
"806","865",497
"807","866",535
"808","867",556
"809","868",529
"810","869",546
"811","870",512
"812","871",523
"813","872",552
"814","873",487
"815","874",489
"816","875",529
"817","876",527
"818","877",529
"819","878",514
"820","879",493
"821","880",529
"822","881",521
"823","882",514
"824","883",491
"825","884",468
"826","885",514
"827","886",504
"828","887",546
"829","888",512
"830","889",440
"831","890",512
"832","891",491
"833","892",523
"834","893",516
"835","894",530
"836","895",510
"837","896",503
"838","897",484
"839","898",494
"840","899",507
"841","900",444
"842","901",488
"843","902",474
"844","903",517
"845","904",450
"846","905",443
"847","906",469
"848","907",478
"849","908",464
"850","909",475
"851","910",477
"852","911",520
"853","912",475
"854","913",494
"855","914",482
"856","915",458
"857","916",513
"858","917",484
"859","918",439
"860","919",451
"861","920",467
"862","921",471
"863","922",445
"864","923",445
"865","924",501
"866","925",461
"867","926",438
"868","927",498
"869","928",488
"870","929",551
"871","930",480
"872","931",434
"873","932",444
"874","933",471
"875","934",487
"876","935",449
"877","936",423
"878","937",480
"879","938",458
"880","939",465
"881","940",462
"882","941",446
"883","942",475
"884","943",488
"885","944",401
"886","945",453
"887","946",451
"888","947",456
"889","948",444
"890","949",424
"891","950",468
"892","951",415
"893","952",475
"894","953",414
"895","954",454
"896","955",452
"897","956",461
"898","957",451
"899","958",443
"900","959",462
"901","960",456
"902","961",440
"903","962",424
"904","963",444
"905","964",472
"906","965",446
"907","966",442
"908","967",447
"909","968",448
"910","969",474
"911","970",427
"912","971",433
"913","972",420
"914","973",420
"915","974",427
"916","975",394
"917","976",403
"918","977",445
"919","978",427
"920","979",412
"921","980",437
"922","981",423
"923","982",399
"924","983",441
"925","984",417
"926","985",421
"927","986",414
"928","987",435
"929","988",421
"930","989",430
"931","990",405
"932","991",376
"933","992",440
"934","993",437
"935","994",426
"936","995",405
"937","996",428
"938","997",421
"939","998",416
"940","999",386
"941","1000",396
"942","1001",397
"943","1002",420
"944","1003",442
"945","1004",415
"946","1005",371
"947","1006",375
"948","1007",434
"949","1008",401
"950","1009",407
"951","1010",377
"952","1011",433
"953","1012",411
"954","1013",405
"955","1014",394
"956","1015",394
"957","1016",418
"958","1017",370
"959","1018",433
"960","1019",407
"961","1020",395
"962","1021",357
"963","1022",393
"964","1023",409
"965","1024",383
"966","1025",350
"967","1026",405
"968","1027",393
"969","1028",398
"970","1029",406
"971","1030",382
"972","1031",367
"973","1032",383
"974","1033",349
"975","1034",390
"976","1035",420
"977","1036",401
"978","1037",394
"979","1038",417
"980","1039",342
"981","1040",381
"982","1041",350
"983","1042",414
"984","1043",375
"985","1044",404
"986","1045",383
"987","1046",368
"988","1047",351
"989","1048",392
"990","1049",371
"991","1050",349
"992","1051",373
"993","1052",364
"994","1053",392
"995","1054",385
"996","1055",391
"997","1056",361
"998","1057",367
"999","1058",366
"1000","1059",356
"1001","1060",393
"1002","1061",363
"1003","1062",376
"1004","1063",356
"1005","1064",399
"1006","1065",347
"1007","1066",328
"1008","1067",366
"1009","1068",361
"1010","1069",347
"1011","1070",346
"1012","1071",360
"1013","1072",353
"1014","1073",386
"1015","1074",355
"1016","1075",328
"1017","1076",333
"1018","1077",362
"1019","1078",349
"1020","1079",305
"1021","1080",356
"1022","1081",328
"1023","1082",356
"1024","1083",373
"1025","1084",345
"1026","1085",324
"1027","1086",350
"1028","1087",360
"1029","1088",351
"1030","1089",304
"1031","1090",319
"1032","1091",332
"1033","1092",378
"1034","1093",354
"1035","1094",329
"1036","1095",343
"1037","1096",398
"1038","1097",329
"1039","1098",330
"1040","1099",317
"1041","1100",357
"1042","1101",317
"1043","1102",324
"1044","1103",360
"1045","1104",317
"1046","1105",308
"1047","1106",346
"1048","1107",342
"1049","1108",351
"1050","1109",384
"1051","1110",316
"1052","1111",318
"1053","1112",351
"1054","1113",324
"1055","1114",346
"1056","1115",348
"1057","1116",312
"1058","1117",322
"1059","1118",319
"1060","1119",340
"1061","1120",346
"1062","1121",325
"1063","1122",326
"1064","1123",325
"1065","1124",297
"1066","1125",314
"1067","1126",323
"1068","1127",333
"1069","1128",350
"1070","1129",330
"1071","1130",335
"1072","1131",308
"1073","1132",321
"1074","1133",330
"1075","1134",296
"1076","1135",339
"1077","1136",297
"1078","1137",350
"1079","1138",332
"1080","1139",319
"1081","1140",299
"1082","1141",339
"1083","1142",285
"1084","1143",324
"1085","1144",301
"1086","1145",318
"1087","1146",330
"1088","1147",308
"1089","1148",326
"1090","1149",305
"1091","1150",329
"1092","1151",307
"1093","1152",317
"1094","1153",280
"1095","1154",343
"1096","1155",318
"1097","1156",298
"1098","1157",298
"1099","1158",295
"1100","1159",312
"1101","1160",314
"1102","1161",291
"1103","1162",305
"1104","1163",287
"1105","1164",298
"1106","1165",330
"1107","1166",331
"1108","1167",351
"1109","1168",297
"1110","1169",321
"1111","1170",327
"1112","1171",298
"1113","1172",285
"1114","1173",313
"1115","1174",268
"1116","1175",308
"1117","1176",295
"1118","1177",306
"1119","1178",301
"1120","1179",298
"1121","1180",282
"1122","1181",308
"1123","1182",287
"1124","1183",296
"1125","1184",328
"1126","1185",274
"1127","1186",306
"1128","1187",260
"1129","1188",274
"1130","1189",276
"1131","1190",302
"1132","1191",288
"1133","1192",299
"1134","1193",289
"1135","1194",267
"1136","1195",282
"1137","1196",261
"1138","1197",263
"1139","1198",279
"1140","1199",290
"1141","1200",298
"1142","1201",267
"1143","1202",290
"1144","1203",289
"1145","1204",292
"1146","1205",265
"1147","1206",288
"1148","1207",272
"1149","1208",289
"1150","1209",265
"1151","1210",280
"1152","1211",304
"1153","1212",289
"1154","1213",293
"1155","1214",265
"1156","1215",254
"1157","1216",279
"1158","1217",262
"1159","1218",304
"1160","1219",290
"1161","1220",271
"1162","1221",264
"1163","1222",268
"1164","1223",298
"1165","1224",288
"1166","1225",289
"1167","1226",273
"1168","1227",279
"1169","1228",265
"1170","1229",259
"1171","1230",299
"1172","1231",276
"1173","1232",267
"1174","1233",295
"1175","1234",262
"1176","1235",263
"1177","1236",248
"1178","1237",280
"1179","1238",277
"1180","1239",287
"1181","1240",264
"1182","1241",275
"1183","1242",235
"1184","1243",266
"1185","1244",302
"1186","1245",259
"1187","1246",269
"1188","1247",273
"1189","1248",290
"1190","1249",265
"1191","1250",297
"1192","1251",246
"1193","1252",244
"1194","1253",275
"1195","1254",260
"1196","1255",287
"1197","1256",264
"1198","1257",251
"1199","1258",262
"1200","1259",239
"1201","1260",247
"1202","1261",237
"1203","1262",256
"1204","1263",260
"1205","1264",241
"1206","1265",253
"1207","1266",256
"1208","1267",274
"1209","1268",274
"1210","1269",252
"1211","1270",275
"1212","1271",242
"1213","1272",266
"1214","1273",280
"1215","1274",264
"1216","1275",238
"1217","1276",237
"1218","1277",236
"1219","1278",247
"1220","1279",240
"1221","1280",226
"1222","1281",277
"1223","1282",269
"1224","1283",277
"1225","1284",256
"1226","1285",265
"1227","1286",231
"1228","1287",239
"1229","1288",235
"1230","1289",265
"1231","1290",268
"1232","1291",229
"1233","1292",271
"1234","1293",250
"1235","1294",236
"1236","1295",254
"1237","1296",246
"1238","1297",246
"1239","1298",226
"1240","1299",248
"1241","1300",233
"1242","1301",249
"1243","1302",243
"1244","1303",242
"1245","1304",215
"1246","1305",249
"1247","1306",252
"1248","1307",251
"1249","1308",239
"1250","1309",240
"1251","1310",261
"1252","1311",236
"1253","1312",250
"1254","1313",242
"1255","1314",198
"1256","1315",238
"1257","1316",239
"1258","1317",236
"1259","1318",218
"1260","1319",237
"1261","1320",250
"1262","1321",231
"1263","1322",233
"1264","1323",273
"1265","1324",241
"1266","1325",258
"1267","1326",250
"1268","1327",239
"1269","1328",231
"1270","1329",235
"1271","1330",222
"1272","1331",228
"1273","1332",211
"1274","1333",225
"1275","1334",231
"1276","1335",203
"1277","1336",214
"1278","1337",209
"1279","1338",211
"1280","1339",228
"1281","1340",211
"1282","1341",231
"1283","1342",197
"1284","1343",217
"1285","1344",244
"1286","1345",231
"1287","1346",229
"1288","1347",237
"1289","1348",225
"1290","1349",238
"1291","1350",205
"1292","1351",255
"1293","1352",202
"1294","1353",257
"1295","1354",210
"1296","1355",236
"1297","1356",222
"1298","1357",229
"1299","1358",249
"1300","1359",214
"1301","1360",212
"1302","1361",246
"1303","1362",219
"1304","1363",205
"1305","1364",247
"1306","1365",224
"1307","1366",228
"1308","1367",235
"1309","1368",204
"1310","1369",225
"1311","1370",215
"1312","1371",208
"1313","1372",232
"1314","1373",225
"1315","1374",212
"1316","1375",225
"1317","1376",215
"1318","1377",217
"1319","1378",209
"1320","1379",215
"1321","1380",237
"1322","1381",246
"1323","1382",203
"1324","1383",200
"1325","1384",223
"1326","1385",201
"1327","1386",226
"1328","1387",228
"1329","1388",183
"1330","1389",214
"1331","1390",205
"1332","1391",203
"1333","1392",192
"1334","1393",212
"1335","1394",209
"1336","1395",191
"1337","1396",214
"1338","1397",222
"1339","1398",174
"1340","1399",206
"1341","1400",210
"1342","1401",218
"1343","1402",201
"1344","1403",207
"1345","1404",229
"1346","1405",208
"1347","1406",200
"1348","1407",208
"1349","1408",183
"1350","1409",197
"1351","1410",194
"1352","1411",196
"1353","1412",214
"1354","1413",180
"1355","1414",213
"1356","1415",176
"1357","1416",197
"1358","1417",205
"1359","1418",203
"1360","1419",194
"1361","1420",185
"1362","1421",186
"1363","1422",188
"1364","1423",194
"1365","1424",195
"1366","1425",216
"1367","1426",174
"1368","1427",213
"1369","1428",178
"1370","1429",177
"1371","1430",217
"1372","1431",185
"1373","1432",169
"1374","1433",203
"1375","1434",173
"1376","1435",190
"1377","1436",174
"1378","1437",178
"1379","1438",190
"1380","1439",184
"1381","1440",184
"1382","1441",177
"1383","1442",176
"1384","1443",188
"1385","1444",199
"1386","1445",174
"1387","1446",204
"1388","1447",164
"1389","1448",184
"1390","1449",172
"1391","1450",173
"1392","1451",187
"1393","1452",152
"1394","1453",173
"1395","1454",167
"1396","1455",207
"1397","1456",196
"1398","1457",166
"1399","1458",181
"1400","1459",176
"1401","1460",161
"1402","1461",156
"1403","1462",168
"1404","1463",196
"1405","1464",176
"1406","1465",198
"1407","1466",162
"1408","1467",181
"1409","1468",205
"1410","1469",155
"1411","1470",177
"1412","1471",185
"1413","1472",180
"1414","1473",151
"1415","1474",154
"1416","1475",167
"1417","1476",145
"1418","1477",190
"1419","1478",180
"1420","1479",164
"1421","1480",168
"1422","1481",171
"1423","1482",171
"1424","1483",170
"1425","1484",186
"1426","1485",186
"1427","1486",159
"1428","1487",161
"1429","1488",167
"1430","1489",157
"1431","1490",184
"1432","1491",152
"1433","1492",170
"1434","1493",158
"1435","1494",180
"1436","1495",157
"1437","1496",167
"1438","1497",148
"1439","1498",167
"1440","1499",155
"1441","1500",154
"1442","1501",158
"1443","1502",142
"1444","1503",151
"1445","1504",163
"1446","1505",189
"1447","1506",161
"1448","1507",166
"1449","1508",154
"1450","1509",146
"1451","1510",163
"1452","1511",161
"1453","1512",150
"1454","1513",168
"1455","1514",180
"1456","1515",164
"1457","1516",154
"1458","1517",162
"1459","1518",150
"1460","1519",140
"1461","1520",152
"1462","1521",148
"1463","1522",143
"1464","1523",138
"1465","1524",166
"1466","1525",152
"1467","1526",139
"1468","1527",161
"1469","1528",127
"1470","1529",134
"1471","1530",156
"1472","1531",151
"1473","1532",169
"1474","1533",161
"1475","1534",153
"1476","1535",144
"1477","1536",173
"1478","1537",151
"1479","1538",163
"1480","1539",164
"1481","1540",118
"1482","1541",131
"1483","1542",160
"1484","1543",136
"1485","1544",146
"1486","1545",131
"1487","1546",151
"1488","1547",150
"1489","1548",137
"1490","1549",141
"1491","1550",176
"1492","1551",136
"1493","1552",139
"1494","1553",125
"1495","1554",157
"1496","1555",121
"1497","1556",114
"1498","1557",123
"1499","1558",104
"1500","1559",131
"1501","1560",136
"1502","1561",105
"1503","1562",145
"1504","1563",130
"1505","1564",124
"1506","1565",163
"1507","1566",146
"1508","1567",129
"1509","1568",145
"1510","1569",117
"1511","1570",155
"1512","1571",132
"1513","1572",115
"1514","1573",144
"1515","1574",156
"1516","1575",123
"1517","1576",143
"1518","1577",162
"1519","1578",117
"1520","1579",117
"1521","1580",136
"1522","1581",137
"1523","1582",140
"1524","1583",130
"1525","1584",122
"1526","1585",118
"1527","1586",100
"1528","1587",138
"1529","1588",138
"1530","1589",126
"1531","1590",121
"1532","1591",127
"1533","1592",128
"1534","1593",138
"1535","1594",131
"1536","1595",112
"1537","1596",138
"1538","1597",120
"1539","1598",113
"1540","1599",115
"1541","1600",122
"1542","1601",115
"1543","1602",103
"1544","1603",120
"1545","1604",110
"1546","1605",124
"1547","1606",111
"1548","1607",105
"1549","1608",122
"1550","1609",140
"1551","1610",114
"1552","1611",127
"1553","1612",119
"1554","1613",107
"1555","1614",129
"1556","1615",122
"1557","1616",138
"1558","1617",77
"1559","1618",118
"1560","1619",124
"1561","1620",91
"1562","1621",119
"1563","1622",108
"1564","1623",127
"1565","1624",128
"1566","1625",94
"1567","1626",111
"1568","1627",115
"1569","1628",119
"1570","1629",106
"1571","1630",114
"1572","1631",102
"1573","1632",106
"1574","1633",100
"1575","1634",100
"1576","1635",123
"1577","1636",93
"1578","1637",104
"1579","1638",111
"1580","1639",95
"1581","1640",84
"1582","1641",120
"1583","1642",108
"1584","1643",106
"1585","1644",117
"1586","1645",106
"1587","1646",118
"1588","1647",103
"1589","1648",106
"1590","1649",96
"1591","1650",105
"1592","1651",96
"1593","1652",104
"1594","1653",100
"1595","1654",106
"1596","1655",94
"1597","1656",91
"1598","1657",116
"1599","1658",109
"1600","1659",124
"1601","1660",94
"1602","1661",104
"1603","1662",97
"1604","1663",95
"1605","1664",87
"1606","1665",84
"1607","1666",90
"1608","1667",89
"1609","1668",91
"1610","1669",106
"1611","1670",92
"1612","1671",85
"1613","1672",84
"1614","1673",97
"1615","1674",97
"1616","1675",94
"1617","1676",82
"1618","1677",115
"1619","1678",72
"1620","1679",102
"1621","1680",85
"1622","1681",106
"1623","1682",106
"1624","1683",94
"1625","1684",87
"1626","1685",88
"1627","1686",83
"1628","1687",89
"1629","1688",93
"1630","1689",87
"1631","1690",77
"1632","1691",80
"1633","1692",81
"1634","1693",90
"1635","1694",107
"1636","1695",91
"1637","1696",87
"1638","1697",77
"1639","1698",69
"1640","1699",81
"1641","1700",100
"1642","1701",91
"1643","1702",110
"1644","1703",88
"1645","1704",84
"1646","1705",87
"1647","1706",95
"1648","1707",70
"1649","1708",81
"1650","1709",105
"1651","1710",82
"1652","1711",86
"1653","1712",86
"1654","1713",84
"1655","1714",68
"1656","1715",81
"1657","1716",72
"1658","1717",68
"1659","1718",81
"1660","1719",98
"1661","1720",84
"1662","1721",93
"1663","1722",82
"1664","1723",91
"1665","1724",72
"1666","1725",87
"1667","1726",74
"1668","1727",78
"1669","1728",79
"1670","1729",78
"1671","1730",82
"1672","1731",69
"1673","1732",83
"1674","1733",82
"1675","1734",67
"1676","1735",56
"1677","1736",74
"1678","1737",82
"1679","1738",78
"1680","1739",72
"1681","1740",84
"1682","1741",64
"1683","1742",83
"1684","1743",90
"1685","1744",73
"1686","1745",72
"1687","1746",66
"1688","1747",70
"1689","1748",81
"1690","1749",87
"1691","1750",74
"1692","1751",64
"1693","1752",78
"1694","1753",71
"1695","1754",70
"1696","1755",62
"1697","1756",81
"1698","1757",90
"1699","1758",83
"1700","1759",71
"1701","1760",70
"1702","1761",67
"1703","1762",65
"1704","1763",61
"1705","1764",62
"1706","1765",68
"1707","1766",64
"1708","1767",57
"1709","1768",75
"1710","1769",64
"1711","1770",56
"1712","1771",62
"1713","1772",76
"1714","1773",65
"1715","1774",74
"1716","1775",67
"1717","1776",70
"1718","1777",65
"1719","1778",72
"1720","1779",60
"1721","1780",61
"1722","1781",76
"1723","1782",54
"1724","1783",60
"1725","1784",62
"1726","1785",68
"1727","1786",52
"1728","1787",58
"1729","1788",61
"1730","1789",68
"1731","1790",69
"1732","1791",70
"1733","1792",70
"1734","1793",60
"1735","1794",52
"1736","1795",61
"1737","1796",63
"1738","1797",57
"1739","1798",59
"1740","1799",58
"1741","1800",69
"1742","1801",54
"1743","1802",59
"1744","1803",65
"1745","1804",65
"1746","1805",50
"1747","1806",57
"1748","1807",52
"1749","1808",55
"1750","1809",44
"1751","1810",47
"1752","1811",53
"1753","1812",53
"1754","1813",53
"1755","1814",49
"1756","1815",57
"1757","1816",52
"1758","1817",58
"1759","1818",52
"1760","1819",50
"1761","1820",37
"1762","1821",46
"1763","1822",52
"1764","1823",59
"1765","1824",51
"1766","1825",60
"1767","1826",49
"1768","1827",53
"1769","1828",54
"1770","1829",52
"1771","1830",41
"1772","1831",54
"1773","1832",45
"1774","1833",62
"1775","1834",55
"1776","1835",46
"1777","1836",47
"1778","1837",49
"1779","1838",48
"1780","1839",50
"1781","1840",40
"1782","1841",44
"1783","1842",46
"1784","1843",48
"1785","1844",42
"1786","1845",42
"1787","1846",45
"1788","1847",47
"1789","1848",47
"1790","1849",37
"1791","1850",41
"1792","1851",46
"1793","1852",49
"1794","1853",45
"1795","1854",41
"1796","1855",40
"1797","1856",47
"1798","1857",41
"1799","1858",54
"1800","1859",48
"1801","1860",53
"1802","1861",39
"1803","1862",46
"1804","1863",48
"1805","1864",43
"1806","1865",45
"1807","1866",37
"1808","1867",51
"1809","1868",29
"1810","1869",41
"1811","1870",37
"1812","1871",35
"1813","1872",37
"1814","1873",43
"1815","1874",55
"1816","1875",40
"1817","1876",45
"1818","1877",34
"1819","1878",46
"1820","1879",34
"1821","1880",36
"1822","1881",35
"1823","1882",30
"1824","1883",44
"1825","1884",43
"1826","1885",37
"1827","1886",36
"1828","1887",44
"1829","1888",31
"1830","1889",34
"1831","1890",33
"1832","1891",37
"1833","1892",34
"1834","1893",38
"1835","1894",29
"1836","1895",38
"1837","1896",38
"1838","1897",37
"1839","1898",52
"1840","1899",39
"1841","1900",46
"1842","1901",38
"1843","1902",34
"1844","1903",36
"1845","1904",38
"1846","1905",39
"1847","1906",35
"1848","1907",37
"1849","1908",38
"1850","1909",30
"1851","1910",31
"1852","1911",33
"1853","1912",37
"1854","1913",39
"1855","1914",37
"1856","1915",30
"1857","1916",33
"1858","1917",25
"1859","1918",40
"1860","1919",25
"1861","1920",40
"1862","1921",27
"1863","1922",39
"1864","1923",42
"1865","1924",42
"1866","1925",26
"1867","1926",43
"1868","1927",43
"1869","1928",37
"1870","1929",26
"1871","1930",40
"1872","1931",33
"1873","1932",28
"1874","1933",38
"1875","1934",46
"1876","1935",33
"1877","1936",40
"1878","1937",35
"1879","1938",28
"1880","1939",27
"1881","1940",31
"1882","1941",29
"1883","1942",32
"1884","1943",23
"1885","1944",27
"1886","1945",32
"1887","1946",39
"1888","1947",37
"1889","1948",40
"1890","1949",25
"1891","1950",26
"1892","1951",24
"1893","1952",28
"1894","1953",38
"1895","1954",32
"1896","1955",42
"1897","1956",27
"1898","1957",24
"1899","1958",33
"1900","1959",33
"1901","1960",24
"1902","1961",25
"1903","1962",33
"1904","1963",35
"1905","1964",31
"1906","1965",30
"1907","1966",28
"1908","1967",31
"1909","1968",37
"1910","1969",30
"1911","1970",24
"1912","1971",20
"1913","1972",23
"1914","1973",35
"1915","1974",30
"1916","1975",32
"1917","1976",24
"1918","1977",19
"1919","1978",30
"1920","1979",26
"1921","1980",22
"1922","1981",35
"1923","1982",27
"1924","1983",29
"1925","1984",17
"1926","1985",28
"1927","1986",36
"1928","1987",30
"1929","1988",20
"1930","1989",29
"1931","1990",23
"1932","1991",29
"1933","1992",27
"1934","1993",24
"1935","1994",26
"1936","1995",21
"1937","1996",24
"1938","1997",31
"1939","1998",28
"1940","1999",23
"1941","2000",24
"1942","2001",24
"1943","2002",20
"1944","2003",28
"1945","2004",25
"1946","2005",17
"1947","2006",31
"1948","2007",30
"1949","2008",27
"1950","2009",28
"1951","2010",22
"1952","2011",23
"1953","2012",24
"1954","2013",30
"1955","2014",20
"1956","2015",35
"1957","2016",27
"1958","2017",23
"1959","2018",23
"1960","2019",37
"1961","2020",30
"1962","2021",15
"1963","2022",19
"1964","2023",23
"1965","2024",19
"1966","2025",23
"1967","2026",25
"1968","2027",28
"1969","2028",24
"1970","2029",16
"1971","2030",29
"1972","2031",32
"1973","2032",26
"1974","2033",22
"1975","2034",19
"1976","2035",23
"1977","2036",17
"1978","2037",24
"1979","2038",22
"1980","2039",24
"1981","2040",27
"1982","2041",14
"1983","2042",31
"1984","2043",25
"1985","2044",18
"1986","2045",22
"1987","2046",33
"1988","2047",24
"1989","2048",28
"1990","2049",19
"1991","2050",25
"1992","2051",10
"1993","2052",20
"1994","2053",29
"1995","2054",14
"1996","2055",33
"1997","2056",17
"1998","2057",18
"1999","2058",19
"2000","2059",26
"2001","2060",24
"2002","2061",26
"2003","2062",18
"2004","2063",25
"2005","2064",25
"2006","2065",28
"2007","2066",14
"2008","2067",28
"2009","2068",24
"2010","2069",16
"2011","2070",15
"2012","2071",26
"2013","2072",23
"2014","2073",19
"2015","2074",17
"2016","2075",25
"2017","2076",15
"2018","2077",28
"2019","2078",26
"2020","2079",26
"2021","2080",19
"2022","2081",15
"2023","2082",22
"2024","2083",18
"2025","2084",19
"2026","2085",15
"2027","2086",13
"2028","2087",20
"2029","2088",16
"2030","2089",21
"2031","2090",16
"2032","2091",13
"2033","2092",27
"2034","2093",17
"2035","2094",23
"2036","2095",29
"2037","2096",24
"2038","2097",22
"2039","2098",23
"2040","2099",15
"2041","2100",29
"2042","2101",30
"2043","2102",23
"2044","2103",14
"2045","2104",21
"2046","2105",16
"2047","2106",20
"2048","2107",17
"2049","2108",15
"2050","2109",28
"2051","2110",13
"2052","2111",11
"2053","2112",17
"2054","2113",21
"2055","2114",10
"2056","2115",15
"2057","2116",8
"2058","2117",26
"2059","2118",16
"2060","2119",18
"2061","2120",11
"2062","2121",16
"2063","2122",25
"2064","2123",15
"2065","2124",16
"2066","2125",15
"2067","2126",11
"2068","2127",17
"2069","2128",25
"2070","2129",12
"2071","2130",26
"2072","2131",12
"2073","2132",18
"2074","2133",15
"2075","2134",24
"2076","2135",21
"2077","2136",21
"2078","2137",11
"2079","2138",28
"2080","2139",23
"2081","2140",8
"2082","2141",21
"2083","2142",22
"2084","2143",20
"2085","2144",24
"2086","2145",9
"2087","2146",19
"2088","2147",18
"2089","2148",18
"2090","2149",15
"2091","2150",19
"2092","2151",15
"2093","2152",19
"2094","2153",17
"2095","2154",18
"2096","2155",16
"2097","2156",19
"2098","2157",16
"2099","2158",24
"2100","2159",18
"2101","2160",21
"2102","2161",14
"2103","2162",16
"2104","2163",20
"2105","2164",11
"2106","2165",19
"2107","2166",19
"2108","2167",19
"2109","2168",15
"2110","2169",19
"2111","2170",15
"2112","2171",21
"2113","2172",21
"2114","2173",16
"2115","2174",15
"2116","2175",13
"2117","2176",16
"2118","2177",15
"2119","2178",10
"2120","2179",18
"2121","2180",22
"2122","2181",8
"2123","2182",11
"2124","2183",15
"2125","2184",16
"2126","2185",19
"2127","2186",17
"2128","2187",20
"2129","2188",11
"2130","2189",12
"2131","2190",18
"2132","2191",13
"2133","2192",16
"2134","2193",15
"2135","2194",15
"2136","2195",15
"2137","2196",15
"2138","2197",17
"2139","2198",15
"2140","2199",17
"2141","2200",21
"2142","2201",21
"2143","2202",12
"2144","2203",9
"2145","2204",15
"2146","2205",23
"2147","2206",14
"2148","2207",10
"2149","2208",16
"2150","2209",14
"2151","2210",9
"2152","2211",15
"2153","2212",11
"2154","2213",14
"2155","2214",15
"2156","2215",16
"2157","2216",12
"2158","2217",11
"2159","2218",18
"2160","2219",18
"2161","2220",11
"2162","2221",18
"2163","2222",12
"2164","2223",15
"2165","2224",6
"2166","2225",16
"2167","2226",14
"2168","2227",13
"2169","2228",20
"2170","2229",11
"2171","2230",15
"2172","2231",12
"2173","2232",19
"2174","2233",16
"2175","2234",16
"2176","2235",7
"2177","2236",17
"2178","2237",14
"2179","2238",15
"2180","2239",18
"2181","2240",10
"2182","2241",9
"2183","2242",15
"2184","2243",14
"2185","2244",9
"2186","2245",16
"2187","2246",17
"2188","2247",12
"2189","2248",14
"2190","2249",19
"2191","2250",11
"2192","2251",12
"2193","2252",16
"2194","2253",6
"2195","2254",11
"2196","2255",15
"2197","2256",11
"2198","2257",11
"2199","2258",19
"2200","2259",19
"2201","2260",16
"2202","2261",14
"2203","2262",10
"2204","2263",10
"2205","2264",17
"2206","2265",12
"2207","2266",13
"2208","2267",7
"2209","2268",8
"2210","2269",18
"2211","2270",13
"2212","2271",10
"2213","2272",12
"2214","2273",10
"2215","2274",15
"2216","2275",14
"2217","2276",14
"2218","2277",8
"2219","2278",8
"2220","2279",12
"2221","2280",8
"2222","2281",12
"2223","2282",11
"2224","2283",18
"2225","2284",14
"2226","2285",13
"2227","2286",13
"2228","2287",10
"2229","2288",7
"2230","2289",9
"2231","2290",15
"2232","2291",12
"2233","2292",9
"2234","2293",12
"2235","2294",10
"2236","2295",10
"2237","2296",18
"2238","2297",11
"2239","2298",6
"2240","2299",10
"2241","2300",10
"2242","2301",8
"2243","2302",15
"2244","2303",17
"2245","2304",9
"2246","2305",15
"2247","2306",10
"2248","2307",10
"2249","2308",16
"2250","2309",12
"2251","2310",8
"2252","2311",8
"2253","2312",13
"2254","2313",14
"2255","2314",11
"2256","2315",11
"2257","2316",5
"2258","2317",8
"2259","2318",15
"2260","2319",17
"2261","2320",10
"2262","2321",9
"2263","2322",10
"2264","2323",11
"2265","2324",13
"2266","2325",19
"2267","2326",9
"2268","2327",6
"2269","2328",5
"2270","2329",9
"2271","2330",7
"2272","2331",9
"2273","2332",12
"2274","2333",16
"2275","2334",17
"2276","2335",13
"2277","2336",13
"2278","2337",14
"2279","2338",12
"2280","2339",8
"2281","2340",11
"2282","2341",9
"2283","2342",9
"2284","2343",7
"2285","2344",14
"2286","2345",5
"2287","2346",12
"2288","2347",16
"2289","2348",12
"2290","2349",10
"2291","2350",17
"2292","2351",11
"2293","2352",8
"2294","2353",7
"2295","2354",11
"2296","2355",14
"2297","2356",11
"2298","2357",12
"2299","2358",7
"2300","2359",5
"2301","2360",11
"2302","2361",5
"2303","2362",12
"2304","2363",7
"2305","2364",9
"2306","2365",17
"2307","2366",8
"2308","2367",16
"2309","2368",8
"2310","2369",13
"2311","2370",8
"2312","2371",7
"2313","2372",5
"2314","2373",8
"2315","2374",14
"2316","2375",16
"2317","2376",8
"2318","2377",15
"2319","2378",6
"2320","2379",7
"2321","2380",7
"2322","2381",7
"2323","2382",12
"2324","2383",9
"2325","2384",7
"2326","2385",9
"2327","2386",12
"2328","2387",9
"2329","2388",4
"2330","2389",7
"2331","2390",3
"2332","2391",6
"2333","2392",9
"2334","2393",8
"2335","2394",12
"2336","2395",9
"2337","2396",14
"2338","2397",12
"2339","2398",6
"2340","2399",9
"2341","2400",14
"2342","2401",7
"2343","2402",9
"2344","2403",7
"2345","2404",7
"2346","2405",7
"2347","2406",8
"2348","2407",12
"2349","2408",9
"2350","2409",8
"2351","2410",6
"2352","2411",10
"2353","2412",12
"2354","2413",7
"2355","2414",6
"2356","2415",5
"2357","2416",6
"2358","2417",11
"2359","2418",9
"2360","2419",11
"2361","2420",14
"2362","2421",8
"2363","2422",6
"2364","2423",9
"2365","2424",6
"2366","2425",10
"2367","2426",13
"2368","2427",8
"2369","2428",17
"2370","2429",7
"2371","2430",14
"2372","2431",13
"2373","2432",8
"2374","2433",9
"2375","2434",7
"2376","2435",5
"2377","2436",5
"2378","2437",11
"2379","2438",7
"2380","2439",10
"2381","2440",3
"2382","2441",10
"2383","2442",13
"2384","2443",6
"2385","2444",13
"2386","2445",10
"2387","2446",11
"2388","2447",7
"2389","2448",14
"2390","2449",7
"2391","2450",9
"2392","2451",5
"2393","2452",10
"2394","2453",6
"2395","2454",4
"2396","2455",7
"2397","2456",5
"2398","2457",12
"2399","2458",6
"2400","2459",6
"2401","2460",7
"2402","2461",7
"2403","2462",9
"2404","2463",8
"2405","2464",8
"2406","2465",7
"2407","2466",12
"2408","2467",5
"2409","2468",11
"2410","2469",6
"2411","2470",5
"2412","2471",8
"2413","2472",7
"2414","2473",5
"2415","2474",6
"2416","2475",13
"2417","2476",5
"2418","2477",8
"2419","2478",10
"2420","2479",6
"2421","2480",9
"2422","2481",12
"2423","2482",10
"2424","2483",10
"2425","2484",7
"2426","2485",2
"2427","2486",7
"2428","2487",7
"2429","2488",7
"2430","2489",4
"2431","2490",9
"2432","2491",9
"2433","2492",7
"2434","2493",13
"2435","2494",3
"2436","2495",5
"2437","2496",10
"2438","2497",9
"2439","2498",10
"2440","2499",10
"2441","2500",8
"2442","2501",8
"2443","2502",5
"2444","2503",8
"2445","2504",8
"2446","2505",9
"2447","2506",8
"2448","2507",4
"2449","2508",8
"2450","2509",10
"2451","2510",10
"2452","2511",6
"2453","2512",2
"2454","2513",10
"2455","2514",5
"2456","2515",12
"2457","2516",10
"2458","2517",5
"2459","2518",9
"2460","2519",5
"2461","2520",7
"2462","2521",8
"2463","2522",3
"2464","2523",5
"2465","2524",7
"2466","2525",5
"2467","2526",5
"2468","2527",6
"2469","2528",10
"2470","2529",13
"2471","2530",6
"2472","2531",5
"2473","2532",2
"2474","2533",4
"2475","2534",5
"2476","2535",2
"2477","2536",15
"2478","2537",10
"2479","2538",3
"2480","2539",6
"2481","2540",7
"2482","2541",5
"2483","2542",11
"2484","2543",3
"2485","2544",6
"2486","2545",8
"2487","2546",5
"2488","2547",10
"2489","2548",9
"2490","2549",6
"2491","2550",17
"2492","2551",8
"2493","2552",7
"2494","2553",9
"2495","2554",11
"2496","2555",7
"2497","2556",7
"2498","2557",6
"2499","2558",8
"2500","2559",8
"2501","2560",9
"2502","2561",4
"2503","2562",4
"2504","2563",6
"2505","2564",10
"2506","2565",5
"2507","2566",2
"2508","2567",6
"2509","2568",9
"2510","2569",5
"2511","2570",4
"2512","2571",9
"2513","2572",8
"2514","2573",6
"2515","2574",7
"2516","2575",7
"2517","2576",9
"2518","2577",4
"2519","2578",9
"2520","2579",6
"2521","2580",6
"2522","2581",8
"2523","2582",8
"2524","2583",11
"2525","2584",4
"2526","2585",7
"2527","2586",8
"2528","2587",12
"2529","2588",4
"2530","2589",10
"2531","2590",4
"2532","2591",5
"2533","2592",6
"2534","2593",6
"2535","2594",8
"2536","2595",6
"2537","2596",7
"2538","2597",8
"2539","2598",6
"2540","2599",7
"2541","2600",17
"2542","2601",11
"2543","2602",5
"2544","2603",5
"2545","2604",5
"2546","2605",5
"2547","2606",8
"2548","2607",6
"2549","2608",7
"2550","2609",7
"2551","2610",2
"2552","2611",9
"2553","2612",3
"2554","2613",3
"2555","2614",8
"2556","2615",1
"2557","2616",4
"2558","2617",7
"2559","2618",5
"2560","2619",7
"2561","2620",6
"2562","2621",4
"2563","2622",6
"2564","2623",6
"2565","2624",7
"2566","2625",9
"2567","2626",6
"2568","2627",3
"2569","2628",5
"2570","2629",7
"2571","2630",5
"2572","2631",6
"2573","2632",7
"2574","2633",6
"2575","2634",3
"2576","2635",5
"2577","2636",6
"2578","2637",7
"2579","2638",4
"2580","2639",7
"2581","2640",7
"2582","2641",9
"2583","2642",3
"2584","2643",5
"2585","2644",4
"2586","2645",8
"2587","2646",6
"2588","2647",2
"2589","2648",6
"2590","2649",5
"2591","2650",4
"2592","2651",8
"2593","2652",2
"2594","2653",2
"2595","2654",6
"2596","2655",4
"2597","2656",6
"2598","2657",10
"2599","2658",7
"2600","2659",2
"2601","2660",4
"2602","2661",5
"2603","2662",3
"2604","2663",6
"2605","2664",4
"2606","2665",7
"2607","2666",6
"2608","2667",5
"2609","2668",4
"2610","2669",6
"2611","2670",7
"2612","2671",7
"2613","2672",1
"2614","2673",3
"2615","2674",7
"2616","2675",8
"2617","2676",4
"2618","2677",3
"2619","2678",5
"2620","2679",6
"2621","2680",6
"2622","2681",6
"2623","2682",5
"2624","2683",7
"2625","2684",3
"2626","2685",8
"2627","2686",3
"2628","2687",5
"2629","2688",6
"2630","2689",3
"2631","2690",4
"2632","2691",7
"2633","2692",5
"2634","2693",6
"2635","2694",7
"2636","2695",5
"2637","2696",7
"2638","2697",10
"2639","2698",5
"2640","2699",5
"2641","2700",7
"2642","2701",7
"2643","2702",12
"2644","2703",6
"2645","2704",7
"2646","2705",5
"2647","2706",5
"2648","2707",6
"2649","2708",7
"2650","2709",3
"2651","2710",3
"2652","2711",5
"2653","2712",7
"2654","2713",1
"2655","2714",2
"2656","2715",3
"2657","2716",5
"2658","2717",12
"2659","2718",3
"2660","2719",5
"2661","2720",6
"2662","2721",6
"2663","2722",10
"2664","2723",4
"2665","2724",4
"2666","2725",3
"2667","2726",3
"2668","2727",5
"2669","2728",5
"2670","2729",6
"2671","2730",2
"2672","2731",3
"2673","2732",8
"2674","2733",5
"2675","2734",6
"2676","2735",8
"2677","2736",5
"2678","2737",2
"2679","2738",5
"2680","2739",5
"2681","2740",4
"2682","2741",4
"2683","2742",9
"2684","2743",3
"2685","2744",7
"2686","2745",5
"2687","2746",5
"2688","2747",5
"2689","2748",6
"2690","2749",8
"2691","2750",6
"2692","2751",5
"2693","2752",6
"2694","2753",3
"2695","2754",5
"2696","2755",5
"2697","2756",5
"2698","2757",7
"2699","2758",5
"2700","2759",6
"2701","2760",4
"2702","2761",7
"2703","2762",5
"2704","2763",1
"2705","2764",7
"2706","2765",9
"2707","2766",1
"2708","2767",5
"2709","2768",9
"2710","2769",6
"2711","2770",2
"2712","2771",2
"2713","2772",4
"2714","2773",6
"2715","2774",9
"2716","2775",4
"2717","2776",9
"2718","2777",7
"2719","2778",1
"2720","2779",3
"2721","2780",3
"2722","2781",4
"2723","2782",1
"2724","2783",4
"2725","2784",4
"2726","2785",5
"2727","2786",3
"2728","2787",1
"2729","2788",2
"2730","2789",7
"2731","2790",8
"2732","2791",5
"2733","2792",6
"2734","2793",5
"2735","2794",4
"2736","2795",6
"2737","2796",10
"2738","2797",5
"2739","2798",2
"2740","2799",2
"2741","2800",2
"2742","2801",1
"2743","2802",3
"2744","2803",7
"2745","2804",5
"2746","2805",11
"2747","2806",6
"2748","2807",5
"2749","2808",4
"2750","2809",5
"2751","2810",4
"2752","2811",1
"2753","2812",11
"2754","2813",9
"2755","2814",4
"2756","2815",4
"2757","2816",8
"2758","2817",7
"2759","2818",6
"2760","2819",3
"2761","2820",6
"2762","2821",4
"2763","2822",7
"2764","2823",6
"2765","2824",3
"2766","2825",4
"2767","2827",2
"2768","2828",4
"2769","2829",6
"2770","2830",4
"2771","2831",4
"2772","2832",10
"2773","2833",5
"2774","2834",5
"2775","2835",5
"2776","2836",1
"2777","2837",6
"2778","2838",7
"2779","2839",4
"2780","2840",2
"2781","2841",4
"2782","2842",2
"2783","2843",5
"2784","2844",4
"2785","2845",5
"2786","2846",3
"2787","2847",4
"2788","2848",6
"2789","2849",6
"2790","2850",3
"2791","2851",4
"2792","2852",4
"2793","2853",6
"2794","2854",1
"2795","2855",5
"2796","2856",3
"2797","2857",5
"2798","2858",2
"2799","2859",4
"2800","2860",2
"2801","2861",4
"2802","2862",2
"2803","2863",5
"2804","2864",3
"2805","2865",7
"2806","2866",2
"2807","2867",4
"2808","2868",7
"2809","2869",2
"2810","2870",6
"2811","2871",1
"2812","2872",5
"2813","2873",4
"2814","2874",2
"2815","2875",5
"2816","2876",5
"2817","2877",1
"2818","2878",6
"2819","2879",4
"2820","2880",3
"2821","2881",1
"2822","2882",2
"2823","2883",2
"2824","2884",5
"2825","2885",7
"2826","2886",4
"2827","2887",6
"2828","2888",3
"2829","2889",3
"2830","2890",1
"2831","2891",6
"2832","2892",3
"2833","2893",4
"2834","2894",5
"2835","2895",3
"2836","2896",7
"2837","2898",8
"2838","2899",2
"2839","2900",2
"2840","2901",6
"2841","2902",2
"2842","2903",5
"2843","2904",3
"2844","2905",3
"2845","2906",1
"2846","2907",3
"2847","2908",3
"2848","2909",1
"2849","2910",6
"2850","2911",1
"2851","2912",2
"2852","2913",6
"2853","2914",4
"2854","2915",4
"2855","2916",2
"2856","2917",3
"2857","2918",7
"2858","2919",5
"2859","2920",5
"2860","2921",2
"2861","2923",1
"2862","2924",6
"2863","2925",3
"2864","2926",4
"2865","2927",4
"2866","2928",2
"2867","2929",2
"2868","2930",6
"2869","2932",1
"2870","2933",3
"2871","2934",1
"2872","2935",4
"2873","2936",6
"2874","2937",4
"2875","2938",2
"2876","2939",3
"2877","2940",6
"2878","2941",4
"2879","2943",6
"2880","2944",2
"2881","2945",2
"2882","2946",6
"2883","2947",6
"2884","2948",3
"2885","2949",7
"2886","2950",2
"2887","2951",3
"2888","2952",4
"2889","2953",1
"2890","2954",2
"2891","2955",3
"2892","2956",3
"2893","2957",4
"2894","2958",4
"2895","2959",3
"2896","2960",4
"2897","2961",2
"2898","2962",4
"2899","2963",3
"2900","2964",2
"2901","2965",1
"2902","2966",5
"2903","2967",4
"2904","2969",5
"2905","2970",3
"2906","2971",3
"2907","2972",3
"2908","2973",7
"2909","2974",1
"2910","2975",4
"2911","2976",3
"2912","2977",1
"2913","2978",2
"2914","2979",3
"2915","2980",2
"2916","2981",5
"2917","2982",4
"2918","2983",4
"2919","2984",4
"2920","2985",4
"2921","2986",2
"2922","2987",3
"2923","2988",1
"2924","2989",7
"2925","2990",7
"2926","2991",1
"2927","2992",2
"2928","2993",4
"2929","2994",5
"2930","2995",5
"2931","2996",5
"2932","2997",9
"2933","2998",4
"2934","2999",6
"2935","3000",2
"2936","3001",1
"2937","3002",5
"2938","3003",1
"2939","3004",8
"2940","3005",3
"2941","3006",5
"2942","3007",5
"2943","3008",2
"2944","3010",2
"2945","3011",1
"2946","3012",2
"2947","3013",1
"2948","3014",1
"2949","3015",4
"2950","3016",1
"2951","3017",4
"2952","3019",2
"2953","3020",5
"2954","3021",4
"2955","3022",1
"2956","3023",6
"2957","3024",4
"2958","3026",3
"2959","3027",3
"2960","3028",4
"2961","3029",1
"2962","3030",3
"2963","3031",4
"2964","3032",4
"2965","3033",7
"2966","3034",5
"2967","3035",2
"2968","3036",1
"2969","3037",3
"2970","3038",1
"2971","3039",5
"2972","3040",7
"2973","3041",3
"2974","3042",2
"2975","3043",5
"2976","3044",1
"2977","3045",1
"2978","3046",1
"2979","3047",2
"2980","3048",1
"2981","3049",6
"2982","3050",1
"2983","3051",2
"2984","3052",3
"2985","3054",4
"2986","3055",3
"2987","3056",5
"2988","3057",1
"2989","3058",4
"2990","3059",2
"2991","3060",1
"2992","3061",6
"2993","3062",3
"2994","3063",3
"2995","3064",5
"2996","3065",1
"2997","3066",1
"2998","3067",4
"2999","3068",2
"3000","3069",3
"3001","3070",3
"3002","3071",3
"3003","3072",4
"3004","3073",3
"3005","3074",1
"3006","3075",2
"3007","3076",1
"3008","3077",1
"3009","3078",3
"3010","3079",4
"3011","3080",3
"3012","3081",3
"3013","3083",5
"3014","3084",3
"3015","3085",7
"3016","3086",4
"3017","3088",5
"3018","3089",5
"3019","3090",2
"3020","3091",1
"3021","3092",5
"3022","3093",3
"3023","3094",1
"3024","3095",4
"3025","3096",1
"3026","3097",3
"3027","3098",1
"3028","3099",2
"3029","3100",1
"3030","3101",1
"3031","3102",2
"3032","3103",4
"3033","3104",2
"3034","3105",7
"3035","3106",1
"3036","3107",5
"3037","3109",3
"3038","3110",3
"3039","3111",1
"3040","3112",3
"3041","3114",6
"3042","3115",4
"3043","3116",3
"3044","3117",3
"3045","3118",3
"3046","3119",5
"3047","3120",1
"3048","3121",2
"3049","3122",2
"3050","3123",1
"3051","3124",3
"3052","3125",4
"3053","3126",1
"3054","3127",1
"3055","3128",3
"3056","3129",1
"3057","3130",1
"3058","3131",2
"3059","3132",7
"3060","3133",1
"3061","3135",5
"3062","3136",4
"3063","3137",3
"3064","3138",7
"3065","3139",3
"3066","3140",6
"3067","3141",5
"3068","3142",4
"3069","3145",1
"3070","3146",3
"3071","3147",4
"3072","3149",1
"3073","3150",2
"3074","3151",2
"3075","3152",3
"3076","3153",2
"3077","3154",2
"3078","3155",3
"3079","3156",1
"3080","3157",3
"3081","3158",5
"3082","3160",5
"3083","3161",2
"3084","3162",2
"3085","3163",3
"3086","3164",3
"3087","3165",2
"3088","3166",1
"3089","3167",5
"3090","3168",6
"3091","3169",5
"3092","3170",2
"3093","3171",3
"3094","3172",4
"3095","3173",1
"3096","3174",4
"3097","3175",3
"3098","3177",3
"3099","3178",1
"3100","3179",1
"3101","3180",1
"3102","3181",1
"3103","3182",4
"3104","3183",1
"3105","3184",3
"3106","3185",5
"3107","3186",4
"3108","3187",1
"3109","3188",3
"3110","3189",2
"3111","3190",2
"3112","3191",3
"3113","3192",3
"3114","3193",2
"3115","3194",1
"3116","3195",3
"3117","3196",3
"3118","3197",3
"3119","3198",1
"3120","3199",3
"3121","3200",1
"3122","3201",7
"3123","3202",4
"3124","3203",3
"3125","3204",4
"3126","3205",1
"3127","3207",2
"3128","3208",4
"3129","3209",2
"3130","3210",4
"3131","3211",4
"3132","3212",1
"3133","3213",2
"3134","3214",1
"3135","3215",2
"3136","3216",3
"3137","3217",2
"3138","3218",1
"3139","3219",1
"3140","3220",3
"3141","3221",2
"3142","3222",4
"3143","3223",1
"3144","3224",2
"3145","3225",3
"3146","3226",1
"3147","3227",3
"3148","3228",3
"3149","3229",2
"3150","3230",1
"3151","3231",4
"3152","3232",2
"3153","3233",3
"3154","3234",4
"3155","3235",3
"3156","3236",4
"3157","3237",1
"3158","3238",1
"3159","3239",3
"3160","3240",3
"3161","3241",1
"3162","3242",3
"3163","3243",2
"3164","3244",3
"3165","3245",1
"3166","3246",3
"3167","3247",5
"3168","3248",2
"3169","3249",2
"3170","3250",2
"3171","3251",2
"3172","3252",4
"3173","3253",2
"3174","3254",2
"3175","3256",3
"3176","3257",2
"3177","3258",2
"3178","3259",1
"3179","3261",4
"3180","3262",2
"3181","3263",1
"3182","3264",2
"3183","3265",5
"3184","3267",4
"3185","3268",3
"3186","3269",2
"3187","3270",1
"3188","3271",1
"3189","3272",1
"3190","3273",3
"3191","3274",1
"3192","3275",2
"3193","3276",4
"3194","3278",3
"3195","3279",4
"3196","3280",2
"3197","3281",3
"3198","3282",2
"3199","3285",4
"3200","3286",1
"3201","3287",3
"3202","3288",2
"3203","3289",2
"3204","3290",2
"3205","3291",4
"3206","3292",7
"3207","3293",1
"3208","3294",2
"3209","3295",4
"3210","3297",6
"3211","3299",4
"3212","3300",1
"3213","3301",1
"3214","3302",3
"3215","3303",1
"3216","3304",2
"3217","3305",1
"3218","3306",2
"3219","3307",2
"3220","3308",1
"3221","3309",1
"3222","3310",2
"3223","3311",2
"3224","3312",5
"3225","3313",5
"3226","3314",1
"3227","3315",4
"3228","3316",3
"3229","3317",5
"3230","3318",2
"3231","3319",2
"3232","3320",3
"3233","3321",2
"3234","3322",3
"3235","3323",3
"3236","3324",2
"3237","3326",2
"3238","3327",2
"3239","3328",3
"3240","3329",1
"3241","3330",5
"3242","3331",2
"3243","3332",2
"3244","3333",2
"3245","3334",1
"3246","3335",2
"3247","3336",1
"3248","3337",2
"3249","3338",8
"3250","3341",1
"3251","3342",1
"3252","3343",3
"3253","3344",3
"3254","3345",4
"3255","3346",2
"3256","3347",4
"3257","3348",2
"3258","3349",2
"3259","3350",2
"3260","3351",2
"3261","3352",2
"3262","3353",2
"3263","3354",3
"3264","3355",3
"3265","3359",2
"3266","3360",5
"3267","3361",1
"3268","3362",5
"3269","3364",1
"3270","3365",1
"3271","3366",1
"3272","3367",1
"3273","3368",2
"3274","3369",4
"3275","3370",1
"3276","3371",5
"3277","3373",3
"3278","3375",1
"3279","3376",1
"3280","3377",1
"3281","3378",1
"3282","3379",1
"3283","3380",1
"3284","3381",3
"3285","3384",3
"3286","3386",2
"3287","3387",1
"3288","3388",3
"3289","3389",1
"3290","3390",4
"3291","3391",1
"3292","3392",1
"3293","3393",3
"3294","3394",1
"3295","3396",2
"3296","3397",3
"3297","3398",1
"3298","3399",2
"3299","3400",4
"3300","3401",4
"3301","3402",1
"3302","3403",3
"3303","3404",1
"3304","3405",2
"3305","3406",4
"3306","3407",3
"3307","3409",2
"3308","3410",1
"3309","3411",1
"3310","3412",2
"3311","3413",3
"3312","3414",2
"3313","3415",2
"3314","3416",1
"3315","3417",1
"3316","3418",5
"3317","3419",1
"3318","3420",5
"3319","3421",2
"3320","3422",1
"3321","3423",5
"3322","3426",3
"3323","3427",2
"3324","3428",1
"3325","3429",1
"3326","3430",2
"3327","3431",1
"3328","3432",1
"3329","3433",3
"3330","3434",6
"3331","3435",1
"3332","3436",2
"3333","3437",4
"3334","3439",2
"3335","3441",2
"3336","3442",3
"3337","3443",2
"3338","3444",2
"3339","3445",1
"3340","3446",1
"3341","3448",1
"3342","3449",1
"3343","3450",1
"3344","3451",1
"3345","3452",4
"3346","3453",3
"3347","3454",2
"3348","3455",2
"3349","3456",2
"3350","3457",2
"3351","3458",2
"3352","3459",1
"3353","3460",1
"3354","3461",2
"3355","3462",5
"3356","3463",2
"3357","3464",2
"3358","3465",1
"3359","3468",3
"3360","3469",1
"3361","3470",2
"3362","3471",1
"3363","3472",2
"3364","3473",1
"3365","3474",2
"3366","3475",3
"3367","3476",3
"3368","3477",2
"3369","3478",2
"3370","3479",2
"3371","3480",2
"3372","3481",2
"3373","3482",2
"3374","3483",1
"3375","3484",1
"3376","3485",1
"3377","3487",1
"3378","3488",1
"3379","3489",4
"3380","3490",2
"3381","3491",2
"3382","3492",1
"3383","3493",4
"3384","3495",2
"3385","3497",1
"3386","3498",3
"3387","3499",3
"3388","3500",3
"3389","3501",1
"3390","3502",3
"3391","3504",3
"3392","3507",2
"3393","3508",4
"3394","3509",2
"3395","3510",4
"3396","3511",5
"3397","3512",1
"3398","3513",3
"3399","3514",2
"3400","3516",1
"3401","3517",3
"3402","3519",3
"3403","3520",6
"3404","3521",5
"3405","3523",2
"3406","3524",1
"3407","3526",1
"3408","3527",1
"3409","3528",3
"3410","3529",1
"3411","3530",1
"3412","3531",4
"3413","3532",6
"3414","3533",2
"3415","3534",3
"3416","3535",1
"3417","3536",1
"3418","3537",1
"3419","3538",1
"3420","3539",3
"3421","3540",1
"3422","3541",1
"3423","3543",4
"3424","3544",3
"3425","3545",1
"3426","3547",2
"3427","3548",1
"3428","3549",2
"3429","3551",2
"3430","3552",1
"3431","3553",2
"3432","3554",2
"3433","3555",2
"3434","3556",1
"3435","3557",1
"3436","3558",1
"3437","3560",1
"3438","3561",3
"3439","3562",2
"3440","3563",2
"3441","3564",3
"3442","3565",2
"3443","3566",4
"3444","3567",3
"3445","3568",2
"3446","3569",3
"3447","3572",1
"3448","3574",4
"3449","3576",1
"3450","3577",1
"3451","3578",1
"3452","3581",1
"3453","3582",2
"3454","3583",3
"3455","3584",2
"3456","3586",1
"3457","3587",3
"3458","3588",1
"3459","3589",2
"3460","3590",2
"3461","3591",1
"3462","3593",2
"3463","3594",1
"3464","3595",2
"3465","3596",3
"3466","3597",1
"3467","3599",1
"3468","3600",2
"3469","3601",1
"3470","3603",2
"3471","3604",2
"3472","3605",1
"3473","3606",1
"3474","3607",1
"3475","3608",2
"3476","3609",1
"3477","3610",2
"3478","3611",1
"3479","3612",1
"3480","3613",6
"3481","3614",2
"3482","3615",3
"3483","3617",1
"3484","3620",4
"3485","3622",2
"3486","3623",1
"3487","3624",1
"3488","3625",1
"3489","3626",2
"3490","3627",1
"3491","3629",1
"3492","3630",2
"3493","3631",2
"3494","3633",3
"3495","3634",1
"3496","3635",1
"3497","3637",1
"3498","3638",1
"3499","3639",1
"3500","3642",2
"3501","3643",2
"3502","3644",1
"3503","3645",1
"3504","3646",1
"3505","3647",1
"3506","3649",4
"3507","3651",1
"3508","3653",2
"3509","3654",2
"3510","3656",1
"3511","3657",3
"3512","3659",1
"3513","3661",1
"3514","3663",2
"3515","3664",3
"3516","3665",1
"3517","3666",1
"3518","3667",1
"3519","3668",1
"3520","3669",1
"3521","3671",1
"3522","3673",5
"3523","3674",1
"3524","3675",2
"3525","3677",4
"3526","3678",3
"3527","3679",4
"3528","3680",1
"3529","3683",3
"3530","3684",1
"3531","3685",2
"3532","3686",1
"3533","3687",2
"3534","3688",1
"3535","3689",3
"3536","3692",1
"3537","3693",1
"3538","3694",1
"3539","3695",1
"3540","3696",2
"3541","3697",3
"3542","3698",1
"3543","3699",2
"3544","3700",1
"3545","3701",2
"3546","3702",1
"3547","3703",2
"3548","3705",1
"3549","3706",1
"3550","3707",1
"3551","3711",1
"3552","3712",3
"3553","3713",2
"3554","3714",2
"3555","3715",3
"3556","3716",2
"3557","3717",2
"3558","3718",2
"3559","3721",3
"3560","3723",1
"3561","3724",1
"3562","3725",2
"3563","3726",1
"3564","3728",4
"3565","3729",1
"3566","3730",3
"3567","3731",1
"3568","3732",1
"3569","3733",1
"3570","3734",6
"3571","3735",1
"3572","3736",1
"3573","3737",6
"3574","3738",1
"3575","3739",1
"3576","3740",1
"3577","3741",1
"3578","3742",4
"3579","3743",1
"3580","3745",2
"3581","3746",2
"3582","3748",2
"3583","3750",1
"3584","3756",2
"3585","3757",1
"3586","3758",1
"3587","3760",2
"3588","3761",1
"3589","3762",2
"3590","3763",1
"3591","3765",2
"3592","3766",1
"3593","3769",1
"3594","3772",2
"3595","3773",1
"3596","3775",1
"3597","3776",2
"3598","3777",1
"3599","3780",2
"3600","3781",3
"3601","3782",1
"3602","3784",1
"3603","3786",1
"3604","3788",1
"3605","3789",2
"3606","3790",1
"3607","3791",1
"3608","3794",2
"3609","3795",1
"3610","3796",2
"3611","3797",2
"3612","3800",1
"3613","3802",1
"3614","3804",1
"3615","3805",2
"3616","3810",1
"3617","3811",1
"3618","3812",1
"3619","3815",3
"3620","3816",2
"3621","3819",1
"3622","3820",1
"3623","3821",2
"3624","3823",1
"3625","3825",3
"3626","3827",1
"3627","3829",2
"3628","3830",1
"3629","3831",1
"3630","3832",1
"3631","3834",3
"3632","3835",4
"3633","3838",1
"3634","3840",2
"3635","3841",1
"3636","3843",3
"3637","3844",1
"3638","3845",1
"3639","3847",1
"3640","3848",4
"3641","3849",3
"3642","3850",2
"3643","3851",1
"3644","3852",1
"3645","3853",2
"3646","3857",1
"3647","3858",1
"3648","3859",2
"3649","3860",1
"3650","3861",1
"3651","3862",2
"3652","3864",2
"3653","3866",2
"3654","3867",1
"3655","3869",1
"3656","3871",2
"3657","3873",1
"3658","3880",2
"3659","3881",1
"3660","3883",1
"3661","3884",2
"3662","3885",2
"3663","3887",1
"3664","3888",2
"3665","3890",1
"3666","3891",2
"3667","3892",1
"3668","3893",2
"3669","3894",1
"3670","3895",2
"3671","3898",1
"3672","3899",1
"3673","3900",2
"3674","3901",1
"3675","3902",1
"3676","3903",1
"3677","3905",1
"3678","3906",1
"3679","3908",1
"3680","3911",3
"3681","3912",1
"3682","3914",2
"3683","3915",1
"3684","3916",1
"3685","3917",1
"3686","3918",1
"3687","3919",1
"3688","3920",1
"3689","3921",1
"3690","3922",1
"3691","3923",2
"3692","3924",1
"3693","3925",1
"3694","3926",1
"3695","3929",3
"3696","3930",1
"3697","3931",1
"3698","3932",1
"3699","3934",4
"3700","3935",1
"3701","3936",2
"3702","3939",3
"3703","3940",1
"3704","3941",2
"3705","3942",3
"3706","3943",5
"3707","3944",2
"3708","3948",3
"3709","3950",1
"3710","3951",1
"3711","3952",1
"3712","3953",2
"3713","3954",1
"3714","3956",1
"3715","3957",3
"3716","3958",2
"3717","3960",2
"3718","3962",1
"3719","3963",2
"3720","3965",1
"3721","3966",1
"3722","3967",2
"3723","3968",1
"3724","3971",1
"3725","3972",1
"3726","3975",1
"3727","3976",1
"3728","3977",1
"3729","3978",1
"3730","3979",2
"3731","3981",1
"3732","3983",2
"3733","3984",1
"3734","3986",2
"3735","3987",2
"3736","3989",1
"3737","3991",1
"3738","3992",1
"3739","3997",1
"3740","3998",2
"3741","4000",1
"3742","4001",2
"3743","4002",1
"3744","4003",3
"3745","4004",1
"3746","4005",1
"3747","4010",1
"3748","4011",1
"3749","4012",1
"3750","4013",2
"3751","4015",4
"3752","4022",1
"3753","4027",1
"3754","4030",2
"3755","4035",1
"3756","4039",1
"3757","4041",1
"3758","4043",1
"3759","4048",1
"3760","4049",1
"3761","4050",2
"3762","4052",1
"3763","4055",1
"3764","4057",1
"3765","4058",4
"3766","4060",2
"3767","4063",1
"3768","4067",1
"3769","4069",1
"3770","4071",1
"3771","4073",1
"3772","4074",3
"3773","4075",1
"3774","4076",2
"3775","4077",1
"3776","4078",2
"3777","4080",1
"3778","4081",1
"3779","4082",1
"3780","4085",1
"3781","4086",3
"3782","4087",1
"3783","4088",1
"3784","4089",2
"3785","4090",1
"3786","4092",1
"3787","4095",2
"3788","4096",1
"3789","4097",1
"3790","4099",2
"3791","4100",1
"3792","4101",1
"3793","4103",1
"3794","4104",1
"3795","4105",1
"3796","4106",1
"3797","4107",1
"3798","4108",1
"3799","4109",2
"3800","4110",3
"3801","4111",1
"3802","4113",2
"3803","4115",2
"3804","4116",2
"3805","4119",2
"3806","4120",1
"3807","4121",2
"3808","4124",1
"3809","4128",2
"3810","4129",1
"3811","4130",1
"3812","4132",2
"3813","4135",1
"3814","4137",2
"3815","4138",1
"3816","4143",1
"3817","4146",1
"3818","4150",1
"3819","4151",2
"3820","4152",1
"3821","4153",1
"3822","4156",2
"3823","4157",2
"3824","4158",2
"3825","4163",2
"3826","4165",1
"3827","4166",1
"3828","4167",1
"3829","4168",1
"3830","4170",1
"3831","4173",1
"3832","4174",1
"3833","4178",1
"3834","4180",1
"3835","4181",2
"3836","4187",1
"3837","4188",1
"3838","4189",2
"3839","4190",1
"3840","4191",1
"3841","4195",1
"3842","4196",1
"3843","4198",1
"3844","4199",1
"3845","4201",2
"3846","4205",1
"3847","4207",1
"3848","4208",1
"3849","4209",2
"3850","4211",1
"3851","4212",1
"3852","4213",1
"3853","4214",2
"3854","4215",1
"3855","4216",3
"3856","4217",2
"3857","4219",1
"3858","4221",1
"3859","4224",1
"3860","4227",1
"3861","4230",3
"3862","4234",1
"3863","4235",2
"3864","4236",1
"3865","4237",1
"3866","4239",1
"3867","4240",1
"3868","4241",1
"3869","4243",1
"3870","4246",1
"3871","4247",1
"3872","4252",2
"3873","4260",2
"3874","4261",1
"3875","4263",1
"3876","4265",1
"3877","4266",2
"3878","4271",3
"3879","4272",1
"3880","4273",1
"3881","4274",1
"3882","4276",1
"3883","4277",2
"3884","4284",3
"3885","4286",1
"3886","4288",1
"3887","4289",2
"3888","4292",2
"3889","4293",1
"3890","4294",2
"3891","4296",1
"3892","4297",1
"3893","4298",1
"3894","4299",1
"3895","4301",1
"3896","4302",1
"3897","4304",2
"3898","4308",1
"3899","4309",1
"3900","4310",2
"3901","4311",1
"3902","4314",1
"3903","4315",1
"3904","4319",2
"3905","4320",1
"3906","4322",1
"3907","4323",1
"3908","4324",1
"3909","4325",2
"3910","4327",1
"3911","4329",2
"3912","4337",1
"3913","4338",1
"3914","4343",1
"3915","4347",3
"3916","4349",1
"3917","4352",1
"3918","4354",1
"3919","4369",1
"3920","4370",1
"3921","4372",1
"3922","4375",1
"3923","4377",2
"3924","4378",1
"3925","4379",1
"3926","4380",2
"3927","4385",1
"3928","4386",1
"3929","4388",2
"3930","4389",1
"3931","4391",2
"3932","4392",1
"3933","4394",1
"3934","4399",1
"3935","4400",2
"3936","4401",3
"3937","4407",2
"3938","4410",1
"3939","4411",1
"3940","4416",1
"3941","4417",1
"3942","4421",1
"3943","4424",2
"3944","4428",1
"3945","4429",1
"3946","4432",4
"3947","4433",1
"3948","4435",1
"3949","4437",1
"3950","4440",2
"3951","4442",3
"3952","4445",2
"3953","4446",1
"3954","4448",1
"3955","4451",1
"3956","4452",2
"3957","4453",3
"3958","4454",1
"3959","4455",2
"3960","4456",1
"3961","4458",2
"3962","4463",1
"3963","4465",2
"3964","4466",2
"3965","4472",1
"3966","4474",1
"3967","4478",1
"3968","4479",2
"3969","4481",1
"3970","4484",1
"3971","4490",1
"3972","4491",2
"3973","4494",4
"3974","4495",2
"3975","4507",4
"3976","4508",1
"3977","4513",1
"3978","4514",2
"3979","4516",1
"3980","4518",1
"3981","4519",1
"3982","4520",1
"3983","4525",2
"3984","4533",2
"3985","4538",1
"3986","4541",1
"3987","4544",2
"3988","4545",1
"3989","4548",1
"3990","4551",2
"3991","4553",1
"3992","4554",1
"3993","4555",1
"3994","4556",1
"3995","4558",1
"3996","4564",1
"3997","4565",1
"3998","4567",1
"3999","4568",1
"4000","4570",1
"4001","4575",3
"4002","4578",1
"4003","4579",1
"4004","4580",3
"4005","4581",1
"4006","4584",1
"4007","4585",1
"4008","4588",1
"4009","4591",1
"4010","4593",1
"4011","4596",1
"4012","4598",1
"4013","4600",1
"4014","4603",1
"4015","4604",2
"4016","4605",2
"4017","4606",2
"4018","4608",2
"4019","4611",1
"4020","4615",1
"4021","4618",1
"4022","4620",1
"4023","4621",1
"4024","4623",1
"4025","4631",1
"4026","4633",3
"4027","4636",1
"4028","4638",1
"4029","4641",2
"4030","4642",2
"4031","4643",1
"4032","4647",1
"4033","4652",1
"4034","4659",2
"4035","4661",1
"4036","4662",1
"4037","4663",1
"4038","4664",1
"4039","4668",1
"4040","4669",2
"4041","4671",1
"4042","4672",2
"4043","4674",1
"4044","4676",1
"4045","4684",1
"4046","4685",1
"4047","4686",1
"4048","4689",1
"4049","4690",1
"4050","4694",1
"4051","4697",1
"4052","4698",1
"4053","4699",1
"4054","4701",1
"4055","4703",2
"4056","4708",2
"4057","4713",1
"4058","4714",1
"4059","4715",1
"4060","4716",2
"4061","4718",1
"4062","4719",1
"4063","4721",2
"4064","4722",1
"4065","4727",1
"4066","4729",1
"4067","4730",2
"4068","4734",1
"4069","4736",1
"4070","4737",1
"4071","4738",1
"4072","4739",1
"4073","4740",1
"4074","4741",1
"4075","4742",1
"4076","4743",2
"4077","4744",2
"4078","4745",2
"4079","4746",2
"4080","4752",1
"4081","4753",1
"4082","4755",2
"4083","4756",1
"4084","4758",2
"4085","4763",2
"4086","4764",1
"4087","4765",1
"4088","4766",1
"4089","4767",1
"4090","4769",1
"4091","4771",1
"4092","4772",1
"4093","4774",2
"4094","4779",1
"4095","4780",1
"4096","4782",1
"4097","4783",1
"4098","4784",1
"4099","4787",1
"4100","4791",1
"4101","4792",2
"4102","4796",1
"4103","4797",2
"4104","4806",1
"4105","4810",1
"4106","4812",1
"4107","4813",1
"4108","4821",1
"4109","4826",1
"4110","4827",2
"4111","4830",1
"4112","4835",1
"4113","4840",1
"4114","4841",1
"4115","4842",1
"4116","4846",1
"4117","4849",1
"4118","4851",1
"4119","4853",1
"4120","4855",1
"4121","4857",1
"4122","4858",1
"4123","4861",1
"4124","4862",1
"4125","4865",1
"4126","4867",1
"4127","4872",2
"4128","4875",1
"4129","4877",1
"4130","4890",1
"4131","4891",1
"4132","4896",1
"4133","4901",1
"4134","4902",1
"4135","4913",2
"4136","4918",1
"4137","4919",1
"4138","4920",1
"4139","4921",1
"4140","4923",1
"4141","4925",2
"4142","4931",1
"4143","4932",1
"4144","4936",1
"4145","4939",1
"4146","4942",1
"4147","4962",2
"4148","4970",2
"4149","4972",1
"4150","4973",2
"4151","4975",1
"4152","4982",2
"4153","4985",1
"4154","4986",1
"4155","4987",1
"4156","4989",1
"4157","4991",1
"4158","4997",1
"4159","4998",1
"4160","5001",1
"4161","5002",1
"4162","5003",1
"4163","5007",1
"4164","5015",1
"4165","5016",1
"4166","5021",1
"4167","5023",1
"4168","5032",1
"4169","5035",1
"4170","5036",2
"4171","5039",1
"4172","5042",1
"4173","5053",1
"4174","5061",1
"4175","5069",1
"4176","5070",1
"4177","5079",1
"4178","5085",1
"4179","5090",1
"4180","5094",1
"4181","5095",1
"4182","5098",1
"4183","5100",2
"4184","5102",2
"4185","5117",3
"4186","5119",1
"4187","5120",1
"4188","5123",1
"4189","5131",1
"4190","5133",1
"4191","5134",1
"4192","5137",2
"4193","5147",1
"4194","5151",1
"4195","5158",1
"4196","5159",1
"4197","5162",2
"4198","5163",1
"4199","5164",2
"4200","5169",1
"4201","5171",1
"4202","5172",1
"4203","5178",1
"4204","5180",1
"4205","5183",1
"4206","5188",2
"4207","5189",1
"4208","5194",1
"4209","5196",1
"4210","5201",2
"4211","5205",1
"4212","5207",1
"4213","5208",1
"4214","5214",1
"4215","5215",1
"4216","5217",2
"4217","5220",1
"4218","5229",1
"4219","5231",1
"4220","5237",2
"4221","5242",2
"4222","5246",2
"4223","5247",2
"4224","5254",1
"4225","5257",1
"4226","5266",1
"4227","5267",1
"4228","5268",1
"4229","5272",1
"4230","5273",1
"4231","5278",1
"4232","5282",1
"4233","5285",1
"4234","5291",1
"4235","5292",1
"4236","5293",1
"4237","5294",3
"4238","5301",2
"4239","5302",1
"4240","5303",1
"4241","5304",2
"4242","5305",1
"4243","5306",1
"4244","5310",1
"4245","5313",1
"4246","5314",1
"4247","5318",3
"4248","5323",1
"4249","5324",1
"4250","5326",1
"4251","5336",1
"4252","5339",1
"4253","5344",1
"4254","5353",1
"4255","5355",2
"4256","5359",1
"4257","5363",2
"4258","5367",1
"4259","5373",1
"4260","5375",2
"4261","5379",1
"4262","5386",2
"4263","5387",2
"4264","5404",1
"4265","5405",1
"4266","5406",1
"4267","5408",1
"4268","5419",1
"4269","5432",1
"4270","5437",2
"4271","5438",1
"4272","5440",1
"4273","5443",2
"4274","5455",1
"4275","5458",1
"4276","5460",1
"4277","5464",1
"4278","5465",1
"4279","5466",1
"4280","5468",1
"4281","5470",1
"4282","5473",1
"4283","5474",1
"4284","5482",1
"4285","5489",1
"4286","5490",1
"4287","5495",2
"4288","5497",1
"4289","5499",1
"4290","5500",1
"4291","5506",1
"4292","5513",1
"4293","5514",1
"4294","5518",1
"4295","5528",1
"4296","5538",1
"4297","5540",1
"4298","5543",1
"4299","5548",1
"4300","5549",1
"4301","5551",1
"4302","5554",1
"4303","5558",1
"4304","5561",1
"4305","5565",1
"4306","5568",1
"4307","5569",1
"4308","5573",1
"4309","5575",1
"4310","5586",1
"4311","5590",1
"4312","5591",1
"4313","5592",2
"4314","5594",2
"4315","5595",1
"4316","5597",1
"4317","5603",2
"4318","5605",1
"4319","5615",1
"4320","5623",1
"4321","5624",1
"4322","5645",1
"4323","5647",1
"4324","5649",1
"4325","5651",1
"4326","5652",1
"4327","5657",1
"4328","5658",1
"4329","5665",1
"4330","5666",1
"4331","5667",1
"4332","5671",1
"4333","5680",1
"4334","5681",1
"4335","5683",1
"4336","5685",1
"4337","5687",1
"4338","5693",1
"4339","5695",1
"4340","5699",1
"4341","5715",2
"4342","5721",1
"4343","5722",1
"4344","5727",1
"4345","5729",1
"4346","5730",1
"4347","5731",1
"4348","5732",1
"4349","5734",1
"4350","5738",1
"4351","5742",1
"4352","5747",1
"4353","5748",1
"4354","5752",1
"4355","5753",1
"4356","5773",1
"4357","5779",1
"4358","5783",1
"4359","5784",1
"4360","5786",1
"4361","5790",1
"4362","5792",1
"4363","5800",1
"4364","5801",1
"4365","5809",1
"4366","5814",1
"4367","5820",1
"4368","5828",2
"4369","5829",1
"4370","5836",1
"4371","5842",1
"4372","5852",1
"4373","5860",1
"4374","5861",2
"4375","5862",1
"4376","5864",1
"4377","5871",1
"4378","5873",1
"4379","5875",1
"4380","5884",1
"4381","5886",1
"4382","5887",1
"4383","5895",1
"4384","5902",1
"4385","5911",1
"4386","5932",2
"4387","5935",1
"4388","5939",1
"4389","5942",2
"4390","5947",1
"4391","5948",1
"4392","5952",1
"4393","5955",1
"4394","5956",1
"4395","5957",1
"4396","5964",1
"4397","5967",1
"4398","5990",1
"4399","5993",1
"4400","6004",1
"4401","6021",1
"4402","6024",1
"4403","6029",1
"4404","6042",1
"4405","6048",1
"4406","6049",1
"4407","6053",1
"4408","6056",1
"4409","6064",3
"4410","6065",1
"4411","6067",2
"4412","6083",1
"4413","6090",2
"4414","6092",1
"4415","6102",1
"4416","6117",1
"4417","6119",1
"4418","6127",1
"4419","6134",1
"4420","6136",1
"4421","6139",1
"4422","6140",1
"4423","6148",1
"4424","6158",1
"4425","6163",1
"4426","6165",1
"4427","6167",1
"4428","6169",2
"4429","6170",1
"4430","6172",1
"4431","6177",1
"4432","6192",1
"4433","6193",1
"4434","6194",1
"4435","6196",1
"4436","6205",1
"4437","6208",1
"4438","6210",1
"4439","6220",1
"4440","6228",1
"4441","6229",1
"4442","6239",1
"4443","6242",1
"4444","6244",1
"4445","6248",1
"4446","6257",1
"4447","6261",1
"4448","6262",2
"4449","6282",1
"4450","6293",1
"4451","6296",1
"4452","6304",1
"4453","6305",1
"4454","6310",1
"4455","6314",1
"4456","6317",1
"4457","6323",1
"4458","6326",1
"4459","6343",1
"4460","6348",1
"4461","6357",2
"4462","6361",1
"4463","6365",1
"4464","6367",1
"4465","6377",1
"4466","6380",1
"4467","6385",1
"4468","6391",1
"4469","6410",1
"4470","6416",1
"4471","6421",1
"4472","6424",1
"4473","6438",1
"4474","6444",1
"4475","6449",1
"4476","6452",1
"4477","6453",1
"4478","6463",1
"4479","6468",1
"4480","6479",1
"4481","6489",1
"4482","6490",1
"4483","6491",1
"4484","6498",1
"4485","6503",1
"4486","6524",1
"4487","6535",1
"4488","6543",2
"4489","6565",2
"4490","6576",1
"4491","6588",2
"4492","6593",1
"4493","6601",1
"4494","6603",1
"4495","6607",1
"4496","6609",1
"4497","6625",1
"4498","6630",1
"4499","6636",1
"4500","6640",2
"4501","6654",1
"4502","6663",1
"4503","6672",1
"4504","6673",1
"4505","6684",1
"4506","6685",1
"4507","6697",1
"4508","6724",1
"4509","6727",1
"4510","6734",1
"4511","6736",1
"4512","6737",1
"4513","6746",1
"4514","6748",1
"4515","6753",1
"4516","6754",1
"4517","6763",1
"4518","6764",1
"4519","6766",1
"4520","6768",1
"4521","6773",1
"4522","6776",1
"4523","6778",1
"4524","6782",1
"4525","6797",1
"4526","6798",1
"4527","6808",1
"4528","6812",1
"4529","6815",1
"4530","6818",1
"4531","6823",1
"4532","6824",1
"4533","6831",1
"4534","6833",1
"4535","6849",1
"4536","6860",1
"4537","6862",1
"4538","6866",1
"4539","6867",1
"4540","6876",1
"4541","6878",1
"4542","6886",1
"4543","6895",1
"4544","6907",1
"4545","6908",2
"4546","6909",1
"4547","6912",2
"4548","6913",1
"4549","6917",1
"4550","6937",1
"4551","6939",1
"4552","6940",1
"4553","6959",1
"4554","6964",1
"4555","6968",1
"4556","6980",1
"4557","6982",1
"4558","6988",1
"4559","7003",1
"4560","7005",1
"4561","7028",2
"4562","7033",1
"4563","7057",1
"4564","7058",3
"4565","7075",1
"4566","7078",1
"4567","7081",1
"4568","7084",1
"4569","7107",1
"4570","7108",1
"4571","7116",1
"4572","7122",1
"4573","7133",1
"4574","7141",1
"4575","7142",1
"4576","7143",1
"4577","7144",1
"4578","7147",1
"4579","7150",1
"4580","7153",1
"4581","7162",1
"4582","7166",1
"4583","7175",1
"4584","7191",1
"4585","7196",1
"4586","7200",1
"4587","7204",1
"4588","7209",1
"4589","7222",1
"4590","7234",1
"4591","7235",1
"4592","7249",1
"4593","7250",1
"4594","7256",1
"4595","7258",1
"4596","7261",1
"4597","7274",1
"4598","7299",1
"4599","7313",1
"4600","7317",1
"4601","7328",1
"4602","7335",1
"4603","7348",1
"4604","7362",1
"4605","7368",1
"4606","7406",1
"4607","7407",1
"4608","7413",1
"4609","7423",1
"4610","7428",1
"4611","7434",1
"4612","7443",1
"4613","7446",1
"4614","7455",1
"4615","7458",1
"4616","7460",1
"4617","7470",1
"4618","7476",1
"4619","7487",1
"4620","7488",1
"4621","7512",1
"4622","7525",1
"4623","7545",1
"4624","7548",1
"4625","7556",1
"4626","7559",1
"4627","7570",1
"4628","7571",1
"4629","7573",1
"4630","7576",1
"4631","7580",1
"4632","7600",1
"4633","7601",1
"4634","7605",1
"4635","7614",1
"4636","7615",1
"4637","7625",1
"4638","7628",1
"4639","7631",1
"4640","7635",1
"4641","7637",1
"4642","7649",1
"4643","7671",1
"4644","7684",1
"4645","7686",1
"4646","7688",1
"4647","7742",1
"4648","7753",1
"4649","7764",1
"4650","7769",1
"4651","7772",1
"4652","7776",1
"4653","7798",2
"4654","7811",1
"4655","7863",2
"4656","7880",1
"4657","7885",1
"4658","7887",1
"4659","7892",1
"4660","7896",1
"4661","7913",1
"4662","7918",1
"4663","7931",1
"4664","7937",1
"4665","7948",1
"4666","7954",1
"4667","7967",1
"4668","7997",1
"4669","8000",1
"4670","8002",1
"4671","8048",1
"4672","8063",1
"4673","8064",3
"4674","8069",1
"4675","8082",1
"4676","8121",1
"4677","8147",2
"4678","8164",1
"4679","8173",1
"4680","8181",1
"4681","8204",1
"4682","8212",1
"4683","8234",1
"4684","8256",1
"4685","8262",1
"4686","8271",1
"4687","8304",1
"4688","8308",1
"4689","8316",1
"4690","8317",1
"4691","8341",1
"4692","8346",1
"4693","8365",1
"4694","8408",1
"4695","8432",1
"4696","8433",1
"4697","8439",1
"4698","8444",1
"4699","8463",1
"4700","8470",1
"4701","8473",1
"4702","8499",1
"4703","8517",1
"4704","8532",1
"4705","8591",1
"4706","8597",1
"4707","8603",1
"4708","8623",1
"4709","8648",1
"4710","8655",1
"4711","8685",1
"4712","8686",1
"4713","8689",1
"4714","8705",1
"4715","8709",1
"4716","8728",1
"4717","8786",1
"4718","8789",1
"4719","8822",1
"4720","8837",1
"4721","8845",1
"4722","8868",1
"4723","8869",1
"4724","8896",1
"4725","8903",1
"4726","8909",1
"4727","8923",1
"4728","8954",1
"4729","9008",1
"4730","9037",1
"4731","9056",1
"4732","9117",1
"4733","9126",1
"4734","9154",2
"4735","9162",1
"4736","9214",1
"4737","9261",1
"4738","9263",1
"4739","9280",1
"4740","9294",1
"4741","9423",1
"4742","9426",1
"4743","9432",1
"4744","9438",1
"4745","9464",1
"4746","9492",1
"4747","9498",1
"4748","9510",1
"4749","9519",2
"4750","9541",1
"4751","9581",1
"4752","9584",1
"4753","9621",1
"4754","9648",1
"4755","9651",1
"4756","9671",1
"4757","9700",1
"4758","9719",1
"4759","9740",1
"4760","9748",1
"4761","9772",1
"4762","9794",1
"4763","9815",1
"4764","9854",1
"4765","9869",1
"4766","9880",1
"4767","9937",1
"4768","9969",1
"4769","9984",1
"4770","10049",1
"4771","10102",1
"4772","10105",1
"4773","10108",1
"4774","10140",1
"4775","10150",1
"4776","10164",1
"4777","10167",1
"4778","10168",1
"4779","10170",1
"4780","10265",1
"4781","10331",1
"4782","10340",1
"4783","10359",1
"4784","10367",1
"4785","10427",1
"4786","10438",1
"4787","10443",1
"4788","10447",2
"4789","10454",1
"4790","10473",1
"4791","10522",1
"4792","10536",1
"4793","10585",1
"4794","10591",1
"4795","10593",1
"4796","10595",1
"4797","10601",1
"4798","10667",1
"4799","10694",1
"4800","10736",2
"4801","10774",1
"4802","10791",1
"4803","10802",1
"4804","10901",1
"4805","10908",1
"4806","10910",1
"4807","10923",1
"4808","10937",1
"4809","10938",1
"4810","10943",1
"4811","10957",1
"4812","10998",1
"4813","11038",1
"4814","11067",1
"4815","11084",1
"4816","11097",1
"4817","11124",1
"4818","11154",1
"4819","11174",1
"4820","11195",2
"4821","11205",1
"4822","11251",1
"4823","11253",1
"4824","11262",1
"4825","11270",1
"4826","11318",1
"4827","11325",1
"4828","11409",1
"4829","11415",1
"4830","11422",1
"4831","11445",1
"4832","11494",1
"4833","11500",1
"4834","11523",1
"4835","11589",1
"4836","11697",1
"4837","11713",1
"4838","11743",1
"4839","11748",1
"4840","11808",1
"4841","11826",1
"4842","11917",1
"4843","11936",1
"4844","11994",1
"4845","12019",1
"4846","12114",1
"4847","12144",2
"4848","12160",1
"4849","12217",1
"4850","12233",1
"4851","12239",1
"4852","12240",1
"4853","12255",1
"4854","12322",1
"4855","12410",1
"4856","12457",1
"4857","12494",1
"4858","12500",1
"4859","12528",1
"4860","12529",1
"4861","12550",1
"4862","12552",1
"4863","12603",1
"4864","12666",1
"4865","12675",1
"4866","12696",1
"4867","12700",1
"4868","12729",1
"4869","12816",1
"4870","12822",1
"4871","12825",1
"4872","12842",1
"4873","12854",1
"4874","12858",1
"4875","12870",1
"4876","12891",1
"4877","12913",1
"4878","12922",1
"4879","12949",1
"4880","12979",1
"4881","13084",1
"4882","13086",1
"4883","13127",1
"4884","13170",1
"4885","13203",1
"4886","13242",1
"4887","13342",1
"4888","13380",1
"4889","13497",1
"4890","13567",1
"4891","13609",1
"4892","13625",1
"4893","13709",1
"4894","13743",1
"4895","13774",1
"4896","13808",1
"4897","14033",1
"4898","14205",1
"4899","14315",1
"4900","14335",1
"4901","14379",2
"4902","14406",1
"4903","14424",1
"4904","14453",1
"4905","14554",1
"4906","14559",1
"4907","14567",1
"4908","14581",1
"4909","14664",1
"4910","14679",2
"4911","14700",1
"4912","14719",1
"4913","14824",1
"4914","14842",1
"4915","14863",1
"4916","14938",1
"4917","15152",1
"4918","15320",1
"4919","15371",1
"4920","15423",1
"4921","15457",1
"4922","15474",1
"4923","15481",1
"4924","15540",1
"4925","15632",1
"4926","15658",1
"4927","15769",1
"4928","15802",1
"4929","15813",1
"4930","15836",1
"4931","15850",1
"4932","15902",1
"4933","15989",1
"4934","16054",1
"4935","16117",1
"4936","16230",1
"4937","16261",1
"4938","16265",1
"4939","16375",1
"4940","16402",1
"4941","16500",1
"4942","16889",1
"4943","16893",1
"4944","16969",1
"4945","16981",1
"4946","17007",1
"4947","17227",1
"4948","17239",1
"4949","17329",1
"4950","17448",1
"4951","17492",1
"4952","17579",1
"4953","17770",1
"4954","18270",1
"4955","18335",1
"4956","18355",1
"4957","18478",1
"4958","18575",1
"4959","18600",1
"4960","18728",1
"4961","18732",1
"4962","19189",1
"4963","19290",1
"4964","19538",1
"4965","19601",1
"4966","19646",1
"4967","19649",1
"4968","19734",1
"4969","19736",1
"4970","19906",1
"4971","19912",1
"4972","20092",1
"4973","20134",1
"4974","20257",1
"4975","20466",1
"4976","20475",1
"4977","20766",1
"4978","20977",1
"4979","21172",1
"4980","21298",1
"4981","21299",1
"4982","21634",1
"4983","21684",1
"4984","21715",1
"4985","21753",1
"4986","21816",1
"4987","21944",1
"4988","22299",1
"4989","22312",1
"4990","22320",1
"4991","22477",1
"4992","22713",1
"4993","22812",1
"4994","22850",1
"4995","22853",1
"4996","22857",1
"4997","23224",1
"4998","23254",1
"4999","23384",1
"5000","23429",1
"5001","23560",1
"5002","23571",1
"5003","23766",1
"5004","23784",1
"5005","23829",1
"5006","23877",1
"5007","24053",1
"5008","24803",1
"5009","24897",1
"5010","25122",1
"5011","25155",1
"5012","25236",1
"5013","25422",1
"5014","25448",1
"5015","25523",1
"5016","25541",1
"5017","26058",1
"5018","26418",1
"5019","26438",1
"5020","26452",1
"5021","26519",1
"5022","26568",1
"5023","26834",1
"5024","27004",1
"5025","27153",1
"5026","27197",1
"5027","27439",1
"5028","27506",1
"5029","27708",1
"5030","27738",1
"5031","28021",1
"5032","28111",1
"5033","28208",1
"5034","28624",1
"5035","28827",1
"5036","29340",1
"5037","29464",1
"5038","29533",1
"5039","29704",1
"5040","29822",1
"5041","29933",1
"5042","30131",1
"5043","30381",1
"5044","30418",1
"5045","30473",1
"5046","30527",1
"5047","30572",1
"5048","30776",1
"5049","30823",1
"5050","31025",1
"5051","31185",1
"5052","31245",1
"5053","31539",1
"5054","31632",1
"5055","31804",1
"5056","31982",1
"5057","32227",1
"5058","32284",1
"5059","32450",1
"5060","32671",1
"5061","32809",1
"5062","33311",1
"5063","33352",1
"5064","33521",1
"5065","34085",1
"5066","34116",1
"5067","34481",1
"5068","34546",1
"5069","34636",1
"5070","34727",1
"5071","34767",1
"5072","34843",1
"5073","35478",1
"5074","35766",1
"5075","35793",1
"5076","36179",1
"5077","36184",1
"5078","37288",1
"5079","37610",1
"5080","38052",1
"5081","38258",1
"5082","38624",1
"5083","38738",1
"5084","38747",1
"5085","39068",1
"5086","39126",1
"5087","39742",1
"5088","39756",1
"5089","40127",1
"5090","41203",1
"5091","41351",1
"5092","41676",1
"5093","41753",1
"5094","42454",1
"5095","42656",1
"5096","42727",1
"5097","43030",1
"5098","43076",1
"5099","43080",1
"5100","43124",1
"5101","43219",1
"5102","43273",1
"5103","43538",1
"5104","44093",1
"5105","44236",1
"5106","44324",1
"5107","44378",1
"5108","44456",1
"5109","44946",1
"5110","45075",1
"5111","45084",1
"5112","45231",1
"5113","45497",1
"5114","45830",1
"5115","46028",1
"5116","46165",1
"5117","47275",1
"5118","47290",1
"5119","47358",1
"5120","47408",1
"5121","47466",1
"5122","47517",1
"5123","47551",1
"5124","47676",1
"5125","47837",1
"5126","47924",1
"5127","48123",1
"5128","48183",1
"5129","48355",1
"5130","49110",1
"5131","49178",1
"5132","49781",1
"5133","50107",1
"5134","50208",1
"5135","50502",1
"5136","50912",1
"5137","51198",1
"5138","51673",1
"5139","52715",1
"5140","52996",1
"5141","53072",1
"5142","53254",1
"5143","53339",1
"5144","53758",1
"5145","53915",1
"5146","54134",1
"5147","54284",1
"5148","54834",1
"5149","54891",1
"5150","55128",1
"5151","55359",1
"5152","55389",1
"5153","55519",1
"5154","56159",1
"5155","56229",1
"5156","56354",1
"5157","56374",1
"5158","56994",1
"5159","57331",1
"5160","58066",1
"5161","58384",1
"5162","58780",1
"5163","58866",1
"5164","59060",1
"5165","60084",1
"5166","60426",1
"5167","60549",1
"5168","60692",1
"5169","61068",1
"5170","61316",1
"5171","62119",1
"5172","62816",1
"5173","62927",1
"5174","63300",1
"5175","63843",1
"5176","64429",1
"5177","64603",1
"5178","64740",1
"5179","64770",1
"5180","65228",1
"5181","66522",1
"5182","66724",1
"5183","67422",1
"5184","67555",1
"5185","67652",1
"5186","68536",1
"5187","68542",1
"5188","68619",1
"5189","68971",1
"5190","69126",1
"5191","69208",1
"5192","70095",1
"5193","70645",1
"5194","71022",1
"5195","71206",1
"5196","73077",1
"5197","74281",1
"5198","74592",1
"5199","74885",1
"5200","74933",1
"5201","74993",1
"5202","75334",1
"5203","75457",1
"5204","75666",1
"5205","76821",1
"5206","78164",1
"5207","78836",1
"5208","79860",1
"5209","80295",1
"5210","81682",1
"5211","82871",1
"5212","83230",1
"5213","83596",1
"5214","85145",1
"5215","85572",1
"5216","85837",1
"5217","86096",1
