"","byhour","Freq"
"1","1491004800",51
"2","1491008400",49
"3","1491012000",20
"4","1491015600",13
"5","1491019200",11
"6","1491022800",14
"7","1491026400",30
"8","1491030000",98
"9","1491033600",204
"10","1491037200",291
"11","1491040800",457
"12","1491044400",615
"13","1491048000",759
"14","1491051600",786
"15","1491055200",806
"16","1491058800",777
"17","1491062400",753
"18","1491066000",581
"19","1491069600",427
"20","1491073200",256
"21","1491076800",157
"22","1491080400",123
"23","1491084000",121
"24","1491087600",66
"25","1491091200",57
"26","1491094800",44
"27","1491098400",30
"28","1491102000",14
"29","1491105600",12
"30","1491109200",27
"31","1491112800",36
"32","1491116400",130
"33","1491120000",132
"34","1491123600",256
"35","1491127200",442
"36","1491130800",552
"37","1491134400",631
"38","1491138000",582
"39","1491141600",604
"40","1491145200",557
"41","1491148800",442
"42","1491152400",383
"43","1491156000",282
"44","1491159600",183
"45","1491163200",113
"46","1491166800",95
"47","1491170400",62
"48","1491174000",41
"49","1491177600",17
"50","1491181200",11
"51","1491184800",8
"52","1491188400",6
"53","1491192000",6
"54","1491195600",66
"55","1491199200",301
"56","1491202800",647
"57","1491206400",867
"58","1491210000",358
"59","1491213600",236
"60","1491217200",260
"61","1491220800",261
"62","1491224400",107
"63","1491228000",95
"64","1491231600",165
"65","1491235200",297
"66","1491238800",344
"67","1491242400",244
"68","1491246000",220
"69","1491249600",177
"70","1491253200",121
"71","1491256800",78
"72","1491260400",41
"73","1491264000",20
"74","1491267600",10
"75","1491271200",6
"76","1491274800",6
"77","1491278400",9
"78","1491282000",98
"79","1491285600",287
"80","1491289200",635
"81","1491292800",746
"82","1491296400",242
"83","1491300000",157
"84","1491303600",234
"85","1491307200",258
"86","1491310800",248
"87","1491314400",298
"88","1491318000",404
"89","1491321600",816
"90","1491325200",1203
"91","1491328800",709
"92","1491332400",459
"93","1491336000",268
"94","1491339600",175
"95","1491343200",109
"96","1491346800",65
"97","1491350400",31
"98","1491354000",18
"99","1491357600",7
"100","1491361200",7
"101","1491364800",5
"102","1491368400",46
"103","1491372000",93
"104","1491375600",125
"105","1491379200",136
"106","1491382800",78
"107","1491386400",45
"108","1491390000",80
"109","1491393600",113
"110","1491397200",128
"111","1491400800",115
"112","1491404400",113
"113","1491408000",195
"114","1491411600",184
"115","1491415200",112
"116","1491418800",84
"117","1491422400",54
"118","1491426000",41
"119","1491429600",26
"120","1491433200",9
"121","1491436800",3
"122","1491440400",4
"123","1491444000",3
"124","1491447600",2
"125","1491451200",4
"126","1491454800",29
"127","1491458400",165
"128","1491462000",444
"129","1491465600",732
"130","1491469200",302
"131","1491472800",167
"132","1491476400",203
"133","1491480000",256
"134","1491483600",240
"135","1491487200",252
"136","1491490800",359
"137","1491494400",693
"138","1491498000",1022
"139","1491501600",596
"140","1491505200",337
"141","1491508800",197
"142","1491512400",146
"143","1491516000",97
"144","1491519600",69
"145","1491523200",28
"146","1491526800",17
"147","1491530400",7
"148","1491534000",6
"149","1491537600",12
"150","1491541200",60
"151","1491544800",247
"152","1491548400",592
"153","1491552000",816
"154","1491555600",358
"155","1491559200",233
"156","1491562800",319
"157","1491566400",373
"158","1491570000",398
"159","1491573600",416
"160","1491577200",538
"161","1491580800",912
"162","1491584400",1016
"163","1491588000",635
"164","1491591600",325
"165","1491595200",225
"166","1491598800",163
"167","1491602400",95
"168","1491606000",82
"169","1491609600",60
"170","1491613200",40
"171","1491616800",27
"172","1491620400",13
"173","1491624000",9
"174","1491627600",21
"175","1491631200",65
"176","1491634800",115
"177","1491638400",245
"178","1491642000",406
"179","1491645600",666
"180","1491649200",840
"181","1491652800",1103
"182","1491656400",1270
"183","1491660000",1426
"184","1491663600",1460
"185","1491667200",1314
"186","1491670800",1076
"187","1491674400",819
"188","1491678000",490
"189","1491681600",274
"190","1491685200",224
"191","1491688800",163
"192","1491692400",126
"193","1491696000",83
"194","1491699600",59
"195","1491703200",36
"196","1491706800",24
"197","1491710400",11
"198","1491714000",15
"199","1491717600",42
"200","1491721200",106
"201","1491724800",238
"202","1491728400",489
"203","1491732000",748
"204","1491735600",1050
"205","1491739200",1348
"206","1491742800",1427
"207","1491746400",1451
"208","1491750000",1482
"209","1491753600",1309
"210","1491757200",1094
"211","1491760800",883
"212","1491764400",648
"213","1491768000",390
"214","1491771600",246
"215","1491775200",164
"216","1491778800",88
"217","1491782400",47
"218","1491786000",17
"219","1491789600",16
"220","1491793200",10
"221","1491796800",18
"222","1491800400",96
"223","1491804000",358
"224","1491807600",484
"225","1491811200",580
"226","1491814800",401
"227","1491818400",318
"228","1491822000",421
"229","1491825600",494
"230","1491829200",240
"231","1491832800",90
"232","1491836400",318
"233","1491840000",517
"234","1491843600",911
"235","1491847200",507
"236","1491850800",257
"237","1491854400",165
"238","1491858000",138
"239","1491861600",77
"240","1491865200",42
"241","1491868800",38
"242","1491872400",17
"243","1491876000",4
"244","1491879600",3
"245","1491883200",11
"246","1491886800",78
"247","1491890400",309
"248","1491894000",644
"249","1491897600",874
"250","1491901200",403
"251","1491904800",231
"252","1491908400",289
"253","1491912000",300
"254","1491915600",327
"255","1491919200",332
"256","1491922800",428
"257","1491926400",824
"258","1491930000",1335
"259","1491933600",835
"260","1491937200",526
"261","1491940800",285
"262","1491944400",235
"263","1491948000",121
"264","1491951600",68
"265","1491955200",29
"266","1491958800",13
"267","1491962400",12
"268","1491966000",7
"269","1491969600",18
"270","1491973200",88
"271","1491976800",338
"272","1491980400",807
"273","1491984000",1073
"274","1491987600",467
"275","1491991200",347
"276","1491994800",415
"277","1491998400",477
"278","1492002000",441
"279","1492005600",402
"280","1492009200",552
"281","1492012800",981
"282","1492016400",1329
"283","1492020000",728
"284","1492023600",446
"285","1492027200",269
"286","1492030800",214
"287","1492034400",126
"288","1492038000",68
"289","1492041600",41
"290","1492045200",14
"291","1492048800",11
"292","1492052400",3
"293","1492056000",14
"294","1492059600",53
"295","1492063200",110
"296","1492066800",156
"297","1492070400",245
"298","1492074000",178
"299","1492077600",164
"300","1492081200",226
"301","1492084800",283
"302","1492088400",268
"303","1492092000",301
"304","1492095600",430
"305","1492099200",815
"306","1492102800",1181
"307","1492106400",774
"308","1492110000",456
"309","1492113600",256
"310","1492117200",206
"311","1492120800",131
"312","1492124400",63
"313","1492128000",47
"314","1492131600",26
"315","1492135200",16
"316","1492138800",2
"317","1492142400",13
"318","1492146000",57
"319","1492149600",217
"320","1492153200",546
"321","1492156800",819
"322","1492160400",457
"323","1492164000",367
"324","1492167600",571
"325","1492171200",589
"326","1492174800",668
"327","1492178400",699
"328","1492182000",793
"329","1492185600",1058
"330","1492189200",1060
"331","1492192800",704
"332","1492196400",412
"333","1492200000",79
"334","1492203600",86
"335","1492207200",102
"336","1492210800",104
"337","1492214400",69
"338","1492218000",78
"339","1492221600",35
"340","1492225200",35
"341","1492228800",23
"342","1492232400",16
"343","1492236000",49
"344","1492239600",167
"345","1492243200",395
"346","1492246800",692
"347","1492250400",1074
"348","1492254000",1546
"349","1492257600",1757
"350","1492261200",1747
"351","1492264800",1870
"352","1492268400",1791
"353","1492272000",1620
"354","1492275600",1563
"355","1492279200",1103
"356","1492282800",865
"357","1492286400",568
"358","1492290000",355
"359","1492293600",305
"360","1492297200",219
"361","1492300800",151
"362","1492304400",48
"363","1492308000",6
"364","1492311600",4
"365","1492315200",5
"366","1492318800",11
"367","1492322400",44
"368","1492326000",119
"369","1492329600",229
"370","1492333200",374
"371","1492336800",545
"372","1492340400",678
"373","1492344000",861
"374","1492347600",869
"375","1492351200",923
"376","1492354800",1033
"377","1492358400",1183
"378","1492362000",1048
"379","1492365600",840
"380","1492369200",585
"381","1492372800",380
"382","1492376400",254
"383","1492380000",143
"384","1492383600",66
"385","1492387200",50
"386","1492390800",22
"387","1492394400",18
"388","1492398000",6
"389","1492401600",10
"390","1492405200",96
"391","1492408800",409
"392","1492412400",907
"393","1492416000",1136
"394","1492419600",525
"395","1492423200",434
"396","1492426800",581
"397","1492430400",672
"398","1492434000",505
"399","1492437600",570
"400","1492441200",741
"401","1492444800",1072
"402","1492448400",1622
"403","1492452000",897
"404","1492455600",472
"405","1492459200",242
"406","1492462800",163
"407","1492466400",128
"408","1492470000",48
"409","1492473600",36
"410","1492477200",17
"411","1492480800",3
"412","1492484400",14
"413","1492488000",11
"414","1492491600",92
"415","1492495200",410
"416","1492498800",934
"417","1492502400",1211
"418","1492506000",552
"419","1492509600",371
"420","1492513200",488
"421","1492516800",564
"422","1492520400",592
"423","1492524000",571
"424","1492527600",700
"425","1492531200",1168
"426","1492534800",1917
"427","1492538400",1264
"428","1492542000",748
"429","1492545600",488
"430","1492549200",365
"431","1492552800",292
"432","1492556400",123
"433","1492560000",76
"434","1492563600",35
"435","1492567200",17
"436","1492570800",15
"437","1492574400",15
"438","1492578000",109
"439","1492581600",442
"440","1492585200",937
"441","1492588800",1175
"442","1492592400",414
"443","1492596000",297
"444","1492599600",344
"445","1492603200",105
"446","1492606800",178
"447","1492610400",245
"448","1492614000",361
"449","1492617600",764
"450","1492621200",1250
"451","1492624800",735
"452","1492628400",459
"453","1492632000",234
"454","1492635600",177
"455","1492639200",101
"456","1492642800",65
"457","1492646400",25
"458","1492650000",6
"459","1492653600",6
"460","1492657200",16
"461","1492660800",18
"462","1492664400",111
"463","1492668000",364
"464","1492671600",857
"465","1492675200",1143
"466","1492678800",516
"467","1492682400",403
"468","1492686000",367
"469","1492689600",413
"470","1492693200",494
"471","1492696800",566
"472","1492700400",698
"473","1492704000",1176
"474","1492707600",1682
"475","1492711200",1108
"476","1492714800",660
"477","1492718400",369
"478","1492722000",247
"479","1492725600",148
"480","1492729200",79
"481","1492732800",47
"482","1492736400",19
"483","1492740000",16
"484","1492743600",15
"485","1492747200",11
"486","1492750800",86
"487","1492754400",322
"488","1492758000",752
"489","1492761600",1027
"490","1492765200",448
"491","1492768800",354
"492","1492772400",458
"493","1492776000",449
"494","1492779600",421
"495","1492783200",439
"496","1492786800",541
"497","1492790400",971
"498","1492794000",1141
"499","1492797600",676
"500","1492801200",383
"501","1492804800",186
"502","1492808400",167
"503","1492812000",115
"504","1492815600",95
"505","1492819200",73
"506","1492822800",36
"507","1492826400",29
"508","1492830000",26
"509","1492833600",11
"510","1492837200",15
"511","1492840800",51
"512","1492844400",128
"513","1492848000",312
"514","1492851600",464
"515","1492855200",575
"516","1492858800",688
"517","1492862400",762
"518","1492866000",768
"519","1492869600",803
"520","1492873200",762
"521","1492876800",777
"522","1492880400",703
"523","1492884000",618
"524","1492887600",432
"525","1492891200",203
"526","1492894800",162
"527","1492898400",107
"528","1492902000",89
"529","1492905600",65
"530","1492909200",47
"531","1492912800",42
"532","1492916400",22
"533","1492920000",10
"534","1492923600",14
"535","1492927200",60
"536","1492930800",99
"537","1492934400",267
"538","1492938000",461
"539","1492941600",643
"540","1492945200",952
"541","1492948800",1170
"542","1492952400",1306
"543","1492956000",1317
"544","1492959600",1323
"545","1492963200",1300
"546","1492966800",1125
"547","1492970400",808
"548","1492974000",528
"549","1492977600",348
"550","1492981200",165
"551","1492984800",96
"552","1492988400",48
"553","1492992000",29
"554","1492995600",17
"555","1492999200",9
"556","1493002800",10
"557","1493006400",8
"558","1493010000",96
"559","1493013600",372
"560","1493017200",879
"561","1493020800",1204
"562","1493024400",521
"563","1493028000",341
"564","1493031600",479
"565","1493035200",530
"566","1493038800",566
"567","1493042400",531
"568","1493046000",696
"569","1493049600",1222
"570","1493053200",1867
"571","1493056800",1161
"572","1493060400",757
"573","1493064000",426
"574","1493067600",232
"575","1493071200",136
"576","1493074800",70
"577","1493078400",33
"578","1493082000",12
"579","1493085600",15
"580","1493089200",10
"581","1493092800",23
"582","1493096400",130
"583","1493100000",472
"584","1493103600",1077
"585","1493107200",1328
"586","1493110800",599
"587","1493114400",418
"588","1493118000",553
"589","1493121600",691
"590","1493125200",640
"591","1493128800",587
"592","1493132400",719
"593","1493136000",1321
"594","1493139600",2103
"595","1493143200",1374
"596","1493146800",921
"597","1493150400",512
"598","1493154000",345
"599","1493157600",202
"600","1493161200",119
"601","1493164800",86
"602","1493168400",40
"603","1493172000",15
"604","1493175600",19
"605","1493179200",23
"606","1493182800",118
"607","1493186400",470
"608","1493190000",1072
"609","1493193600",1336
"610","1493197200",570
"611","1493200800",412
"612","1493204400",452
"613","1493208000",521
"614","1493211600",508
"615","1493215200",430
"616","1493218800",622
"617","1493222400",1203
"618","1493226000",1727
"619","1493229600",1035
"620","1493233200",659
"621","1493236800",438
"622","1493240400",106
"623","1493244000",41
"624","1493247600",21
"625","1493251200",13
"626","1493254800",11
"627","1493258400",8
"628","1493262000",8
"629","1493265600",8
"630","1493269200",69
"631","1493272800",193
"632","1493276400",526
"633","1493280000",793
"634","1493283600",355
"635","1493287200",235
"636","1493290800",308
"637","1493294400",288
"638","1493298000",269
"639","1493301600",259
"640","1493305200",342
"641","1493308800",681
"642","1493312400",1101
"643","1493316000",630
"644","1493319600",389
"645","1493323200",206
"646","1493326800",179
"647","1493330400",136
"648","1493334000",58
"649","1493337600",43
"650","1493341200",21
"651","1493344800",9
"652","1493348400",6
"653","1493352000",12
"654","1493355600",71
"655","1493359200",308
"656","1493362800",773
"657","1493366400",1077
"658","1493370000",526
"659","1493373600",326
"660","1493377200",412
"661","1493380800",471
"662","1493384400",442
"663","1493388000",394
"664","1493391600",518
"665","1493395200",958
"666","1493398800",1225
"667","1493402400",696
"668","1493406000",405
"669","1493409600",261
"670","1493413200",177
"671","1493416800",158
"672","1493420400",104
"673","1493424000",67
"674","1493427600",43
"675","1493431200",25
"676","1493434800",19
"677","1493438400",15
"678","1493442000",14
"679","1493445600",39
"680","1493449200",134
"681","1493452800",205
"682","1493456400",254
"683","1493460000",297
"684","1493463600",323
"685","1493467200",158
"686","1493470800",78
"687","1493474400",63
"688","1493478000",36
"689","1493481600",33
"690","1493485200",24
"691","1493488800",11
"692","1493492400",10
"693","1493496000",8
"694","1493499600",7
"695","1493503200",7
"696","1493506800",9
"697","1493510400",19
"698","1493514000",13
"699","1493517600",16
"700","1493521200",10
"701","1493524800",7
"702","1493528400",4
"703","1493532000",7
"704","1493535600",24
"705","1493539200",29
"706","1493542800",50
"707","1493546400",94
"708","1493550000",83
"709","1493553600",105
"710","1493557200",144
"711","1493560800",166
"712","1493564400",204
"713","1493568000",209
"714","1493571600",181
"715","1493575200",110
"716","1493578800",36
"717","1493582400",36
"718","1493586000",41
"719","1493589600",24
"720","1493593200",10
"721","1493596800",9
"722","1493600400",5
"723","1493604000",9
"724","1493607600",5
"725","1493611200",10
"726","1493614800",84
"727","1493618400",304
"728","1493622000",656
"729","1493625600",1063
"730","1493629200",427
"731","1493632800",212
"732","1493636400",286
"733","1493640000",339
"734","1493643600",292
"735","1493647200",214
"736","1493650800",243
"737","1493654400",661
"738","1493658000",861
"739","1493661600",371
"740","1493665200",215
"741","1493668800",121
"742","1493672400",81
"743","1493676000",65
"744","1493679600",36
"745","1493683200",24
"746","1493686800",9
"747","1493690400",4
"748","1493694000",8
"749","1493697600",9
"750","1493701200",69
"751","1493704800",225
"752","1493708400",519
"753","1493712000",683
"754","1493715600",343
"755","1493719200",238
"756","1493722800",246
"757","1493726400",300
"758","1493730000",278
"759","1493733600",271
"760","1493737200",401
"761","1493740800",811
"762","1493744400",1229
"763","1493748000",635
"764","1493751600",414
"765","1493755200",237
"766","1493758800",189
"767","1493762400",127
"768","1493766000",71
"769","1493769600",28
"770","1493773200",20
"771","1493776800",7
"772","1493780400",7
"773","1493784000",14
"774","1493787600",97
"775","1493791200",360
"776","1493794800",894
"777","1493798400",1158
"778","1493802000",517
"779","1493805600",309
"780","1493809200",377
"781","1493812800",392
"782","1493816400",398
"783","1493820000",361
"784","1493823600",524
"785","1493827200",953
"786","1493830800",1490
"787","1493834400",873
"788","1493838000",545
"789","1493841600",321
"790","1493845200",240
"791","1493848800",186
"792","1493852400",89
"793","1493856000",48
"794","1493859600",35
"795","1493863200",4
"796","1493866800",2
"797","1493870400",16
"798","1493874000",108
"799","1493877600",329
"800","1493881200",724
"801","1493884800",1034
"802","1493888400",420
"803","1493892000",246
"804","1493895600",328
"805","1493899200",363
"806","1493902800",318
"807","1493906400",303
"808","1493910000",401
"809","1493913600",855
"810","1493917200",1231
"811","1493920800",775
"812","1493924400",517
"813","1493928000",312
"814","1493931600",219
"815","1493935200",126
"816","1493938800",87
"817","1493942400",49
"818","1493946000",17
"819","1493949600",15
"820","1493953200",10
"821","1493956800",18
"822","1493960400",78
"823","1493964000",310
"824","1493967600",645
"825","1493971200",889
"826","1493974800",404
"827","1493978400",252
"828","1493982000",326
"829","1493985600",339
"830","1493989200",366
"831","1493992800",379
"832","1493996400",551
"833","1.494e+09",953
"834","1494003600",1172
"835","1494007200",661
"836","1494010800",483
"837","1494014400",260
"838","1494018000",158
"839","1494021600",116
"840","1494025200",90
"841","1494028800",63
"842","1494032400",44
"843","1494036000",27
"844","1494039600",24
"845","1494043200",10
"846","1494046800",19
"847","1494050400",55
"848","1494054000",134
"849","1494057600",233
"850","1494061200",361
"851","1494064800",448
"852","1494068400",569
"853","1494072000",692
"854","1494075600",712
"855","1494079200",757
"856","1494082800",812
"857","1494086400",707
"858","1494090000",594
"859","1494093600",489
"860","1494097200",366
"861","1494100800",216
"862","1494104400",169
"863","1494108000",155
"864","1494111600",87
"865","1494115200",57
"866","1494118800",43
"867","1494122400",31
"868","1494126000",14
"869","1494129600",20
"870","1494133200",17
"871","1494136800",32
"872","1494140400",83
"873","1494144000",211
"874","1494147600",332
"875","1494151200",492
"876","1494154800",575
"877","1494158400",758
"878","1494162000",775
"879","1494165600",727
"880","1494169200",679
"881","1494172800",663
"882","1494176400",624
"883","1494180000",450
"884","1494183600",316
"885","1494187200",182
"886","1494190800",118
"887","1494194400",95
"888","1494198000",42
"889","1494201600",25
"890","1494205200",20
"891","1494208800",7
"892","1494212400",4
"893","1494216000",7
"894","1494219600",96
"895","1494223200",350
"896","1494226800",835
"897","1494230400",1104
"898","1494234000",463
"899","1494237600",304
"900","1494241200",433
"901","1494244800",416
"902","1494248400",417
"903","1494252000",413
"904","1494255600",550
"905","1494259200",950
"906","1494262800",1426
"907","1494266400",933
"908","1494270000",527
"909","1494273600",267
"910","1494277200",186
"911","1494280800",91
"912","1494284400",24
"913","1494288000",11
"914","1494291600",5
"915","1494295200",3
"916","1494298800",3
"917","1494302400",5
"918","1494306000",50
"919","1494309600",208
"920","1494313200",547
"921","1494316800",615
"922","1494320400",304
"923","1494324000",210
"924","1494327600",293
"925","1494331200",336
"926","1494334800",347
"927","1494338400",327
"928","1494342000",459
"929","1494345600",895
"930","1494349200",1458
"931","1494352800",892
"932","1494356400",562
"933","1494360000",300
"934","1494363600",229
"935","1494367200",139
"936","1494370800",66
"937","1494374400",30
"938","1494378000",14
"939","1494381600",5
"940","1494385200",6
"941","1494388800",19
"942","1494392400",103
"943","1494396000",419
"944","1494399600",960
"945","1494403200",1223
"946","1494406800",503
"947","1494410400",356
"948","1494414000",466
"949","1494417600",494
"950","1494421200",513
"951","1494424800",162
"952","1494428400",255
"953","1494432000",578
"954","1494435600",995
"955","1494439200",596
"956","1494442800",96
"957","1494446400",20
"958","1494450000",18
"959","1494453600",49
"960","1494457200",35
"961","1494460800",18
"962","1494464400",8
"963","1494468000",8
"964","1494471600",8
"965","1494475200",13
"966","1494478800",113
"967","1494482400",349
"968","1494486000",858
"969","1494489600",1060
"970","1494493200",513
"971","1494496800",345
"972","1494500400",401
"973","1494504000",447
"974","1494507600",463
"975","1494511200",436
"976","1494514800",631
"977","1494518400",1115
"978","1494522000",1696
"979","1494525600",1126
"980","1494529200",776
"981","1494532800",511
"982","1494536400",314
"983","1494540000",184
"984","1494543600",122
"985","1494547200",46
"986","1494550800",23
"987","1494554400",19
"988","1494558000",11
"989","1494561600",17
"990","1494565200",105
"991","1494568800",391
"992","1494572400",937
"993","1494576000",1166
"994","1494579600",585
"995","1494583200",469
"996","1494586800",633
"997","1494590400",699
"998","1494594000",748
"999","1494597600",779
"1000","1494601200",954
"1001","1494604800",1500
"1002","1494608400",1592
"1003","1494612000",999
"1004","1494615600",650
"1005","1494619200",393
"1006","1494622800",248
"1007","1494626400",193
"1008","1494630000",120
"1009","1494633600",82
"1010","1494637200",67
"1011","1494640800",59
"1012","1494644400",22
"1013","1494648000",22
"1014","1494651600",20
"1015","1494655200",72
"1016","1494658800",189
"1017","1494662400",393
"1018","1494666000",650
"1019","1494669600",882
"1020","1494673200",1170
"1021","1494676800",1332
"1022","1494680400",1458
"1023","1494684000",1401
"1024","1494687600",1316
"1025","1494691200",1265
"1026","1494694800",1302
"1027","1494698400",1055
"1028","1494702000",893
"1029","1494705600",595
"1030","1494709200",356
"1031","1494712800",237
"1032","1494716400",177
"1033","1494720000",111
"1034","1494723600",75
"1035","1494727200",75
"1036","1494730800",29
"1037","1494734400",24
"1038","1494738000",24
"1039","1494741600",69
"1040","1494745200",155
"1041","1494748800",336
"1042","1494752400",561
"1043","1494756000",859
"1044","1494759600",964
"1045","1494763200",1154
"1046","1494766800",1204
"1047","1494770400",1156
"1048","1494774000",1108
"1049","1494777600",967
"1050","1494781200",790
"1051","1494784800",604
"1052","1494788400",498
"1053","1494792000",277
"1054","1494795600",196
"1055","1494799200",109
"1056","1494802800",47
"1057","1494806400",36
"1058","1494810000",16
"1059","1494813600",7
"1060","1494817200",5
"1061","1494820800",13
"1062","1494824400",108
"1063","1494828000",447
"1064","1494831600",987
"1065","1494835200",1254
"1066","1494838800",600
"1067","1494842400",452
"1068","1494846000",600
"1069","1494849600",695
"1070","1494853200",720
"1071","1494856800",708
"1072","1494860400",896
"1073","1494864000",1483
"1074","1494867600",2195
"1075","1494871200",1406
"1076","1494874800",978
"1077","1494878400",574
"1078","1494882000",381
"1079","1494885600",184
"1080","1494889200",110
"1081","1494892800",33
"1082","1494896400",18
"1083","1494900000",10
"1084","1494903600",7
"1085","1494907200",19
"1086","1494910800",156
"1087","1494914400",542
"1088","1494918000",1172
"1089","1494921600",1380
"1090","1494925200",631
"1091","1494928800",491
"1092","1494932400",643
"1093","1494936000",721
"1094","1494939600",692
"1095","1494943200",709
"1096","1494946800",823
"1097","1494950400",1419
"1098","1494954000",2162
"1099","1494957600",1635
"1100","1494961200",1100
"1101","1494964800",691
"1102","1494968400",500
"1103","1494972000",398
"1104","1494975600",214
"1105","1494979200",82
"1106","1494982800",34
"1107","1494986400",15
"1108","1494990000",22
"1109","1494993600",23
"1110","1494997200",148
"1111","1495000800",569
"1112","1495004400",1126
"1113","1495008000",1359
"1114","1495011600",636
"1115","1495015200",476
"1116","1495018800",548
"1117","1495022400",630
"1118","1495026000",592
"1119","1495029600",660
"1120","1495033200",691
"1121","1495036800",1308
"1122","1495040400",1941
"1123","1495044000",1296
"1124","1495047600",850
"1125","1495051200",515
"1126","1495054800",344
"1127","1495058400",315
"1128","1495062000",115
"1129","1495065600",47
"1130","1495069200",21
"1131","1495072800",12
"1132","1495076400",12
"1133","1495080000",15
"1134","1495083600",125
"1135","1495087200",507
"1136","1495090800",1000
"1137","1495094400",1275
"1138","1495098000",640
"1139","1495101600",448
"1140","1495105200",597
"1141","1495108800",650
"1142","1495112400",653
"1143","1495116000",675
"1144","1495119600",909
"1145","1495123200",1539
"1146","1495126800",2065
"1147","1495130400",1492
"1148","1495134000",952
"1149","1495137600",467
"1150","1495141200",247
"1151","1495144800",184
"1152","1495148400",82
"1153","1495152000",44
"1154","1495155600",18
"1155","1495159200",10
"1156","1495162800",7
"1157","1495166400",11
"1158","1495170000",103
"1159","1495173600",318
"1160","1495177200",692
"1161","1495180800",843
"1162","1495184400",315
"1163","1495188000",101
"1164","1495191600",201
"1165","1495195200",294
"1166","1495198800",302
"1167","1495202400",232
"1168","1495206000",165
"1169","1495209600",367
"1170","1495213200",647
"1171","1495216800",363
"1172","1495220400",268
"1173","1495224000",165
"1174","1495227600",151
"1175","1495231200",111
"1176","1495234800",95
"1177","1495238400",72
"1178","1495242000",40
"1179","1495245600",29
"1180","1495249200",13
"1181","1495252800",11
"1182","1495256400",16
"1183","1495260000",44
"1184","1495263600",118
"1185","1495267200",140
"1186","1495270800",212
"1187","1495274400",87
"1188","1495278000",68
"1189","1495281600",203
"1190","1495285200",261
"1191","1495288800",339
"1192","1495292400",447
"1193","1495296000",521
"1194","1495299600",610
"1195","1495303200",502
"1196","1495306800",463
"1197","1495310400",318
"1198","1495314000",262
"1199","1495317600",190
"1200","1495321200",153
"1201","1495324800",112
"1202","1495328400",74
"1203","1495332000",39
"1204","1495335600",46
"1205","1495339200",13
"1206","1495342800",53
"1207","1495346400",107
"1208","1495350000",119
"1209","1495353600",301
"1210","1495357200",482
"1211","1495360800",752
"1212","1495364400",999
"1213","1495368000",1100
"1214","1495371600",1126
"1215","1495375200",995
"1216","1495378800",973
"1217","1495382400",798
"1218","1495386000",807
"1219","1495389600",479
"1220","1495393200",356
"1221","1495396800",248
"1222","1495400400",155
"1223","1495404000",109
"1224","1495407600",68
"1225","1495411200",20
"1226","1495414800",9
"1227","1495418400",14
"1228","1495422000",7
"1229","1495425600",20
"1230","1495429200",121
"1231","1495432800",422
"1232","1495436400",987
"1233","1495440000",1368
"1234","1495443600",647
"1235","1495447200",515
"1236","1495450800",657
"1237","1495454400",734
"1238","1495458000",730
"1239","1495461600",768
"1240","1495465200",942
"1241","1495468800",1506
"1242","1495472400",2008
"1243","1495476000",1247
"1244","1495479600",747
"1245","1495483200",454
"1246","1495486800",253
"1247","1495490400",204
"1248","1495494000",81
"1249","1495497600",40
"1250","1495501200",22
"1251","1495504800",6
"1252","1495508400",17
"1253","1495512000",16
"1254","1495515600",130
"1255","1495519200",484
"1256","1495522800",993
"1257","1495526400",1029
"1258","1495530000",228
"1259","1495533600",168
"1260","1495537200",259
"1261","1495540800",326
"1262","1495544400",347
"1263","1495548000",383
"1264","1495551600",319
"1265","1495555200",582
"1266","1495558800",417
"1267","1495562400",536
"1268","1495566000",280
"1269","1495569600",207
"1270","1495573200",168
"1271","1495576800",130
"1272","1495580400",65
"1273","1495584000",19
"1274","1495587600",17
"1275","1495591200",3
"1276","1495594800",3
"1277","1495598400",9
"1278","1495602000",53
"1279","1495605600",308
"1280","1495609200",705
"1281","1495612800",1002
"1282","1495616400",423
"1283","1495620000",298
"1284","1495623600",362
"1285","1495627200",406
"1286","1495630800",399
"1287","1495634400",369
"1288","1495638000",521
"1289","1495641600",984
"1290","1495645200",1366
"1291","1495648800",890
"1292","1495652400",483
"1293","1495656000",295
"1294","1495659600",221
"1295","1495663200",163
"1296","1495666800",68
"1297","1495670400",35
"1298","1495674000",20
"1299","1495677600",5
"1300","1495681200",9
"1301","1495684800",22
"1302","1495688400",114
"1303","1495692000",398
"1304","1495695600",855
"1305","1495699200",1018
"1306","1495702800",474
"1307","1495706400",342
"1308","1495710000",421
"1309","1495713600",492
"1310","1495717200",536
"1311","1495720800",585
"1312","1495724400",741
"1313","1495728000",1312
"1314","1495731600",1843
"1315","1495735200",1168
"1316","1495738800",778
"1317","1495742400",620
"1318","1495746000",451
"1319","1495749600",246
"1320","1495753200",145
"1321","1495756800",73
"1322","1495760400",42
"1323","1495764000",19
"1324","1495767600",17
"1325","1495771200",13
"1326","1495774800",100
"1327","1495778400",369
"1328","1495782000",871
"1329","1495785600",1135
"1330","1495789200",567
"1331","1495792800",486
"1332","1495796400",676
"1333","1495800000",746
"1334","1495803600",796
"1335","1495807200",954
"1336","1495810800",1007
"1337","1495814400",214
"1338","1495818000",155
"1339","1495821600",101
"1340","1495825200",82
"1341","1495828800",88
"1342","1495832400",115
"1343","1495836000",80
"1344","1495839600",96
"1345","1495843200",52
"1346","1495846800",47
"1347","1495850400",37
"1348","1495854000",15
"1349","1495857600",13
"1350","1495861200",31
"1351","1495864800",84
"1352","1495868400",183
"1353","1495872000",396
"1354","1495875600",668
"1355","1495879200",914
"1356","1495882800",1192
"1357","1495886400",1444
"1358","1495890000",1656
"1359","1495893600",1570
"1360","1495897200",1709
"1361","1495900800",1675
"1362","1495904400",1465
"1363","1495908000",1207
"1364","1495911600",1000
"1365","1495915200",512
"1366","1495918800",416
"1367","1495922400",288
"1368","1495926000",268
"1369","1495929600",170
"1370","1495933200",135
"1371","1495936800",87
"1372","1495940400",39
"1373","1495944000",27
"1374","1495947600",42
"1375","1495951200",95
"1376","1495954800",212
"1377","1495958400",355
"1378","1495962000",605
"1379","1495965600",899
"1380","1495969200",1076
"1381","1495972800",1306
"1382","1495976400",1061
"1383","1495980000",932
"1384","1495983600",1150
"1385","1495987200",1292
"1386","1495990800",1323
"1387","1495994400",1163
"1388","1495998000",857
"1389","1496001600",598
"1390","1496005200",445
"1391","1496008800",323
"1392","1496012400",272
"1393","1496016000",118
"1394","1496019600",92
"1395","1496023200",76
"1396","1496026800",29
"1397","1496030400",25
"1398","1496034000",32
"1399","1496037600",70
"1400","1496041200",177
"1401","1496044800",346
"1402","1496048400",740
"1403","1496052000",985
"1404","1496055600",1203
"1405","1496059200",1027
"1406","1496062800",1696
"1407","1496066400",1765
"1408","1496070000",1668
"1409","1496073600",1699
"1410","1496077200",1451
"1411","1496080800",1211
"1412","1496084400",1045
"1413","1496088000",686
"1414","1496091600",417
"1415","1496095200",196
"1416","1496098800",115
"1417","1496102400",59
"1418","1496106000",41
"1419","1496109600",8
"1420","1496113200",8
"1421","1496116800",15
"1422","1496120400",136
"1423","1496124000",498
"1424","1496127600",1108
"1425","1496131200",1296
"1426","1496134800",650
"1427","1496138400",451
"1428","1496142000",687
"1429","1496145600",704
"1430","1496149200",636
"1431","1496152800",598
"1432","1496156400",761
"1433","1496160000",1356
"1434","1496163600",2115
"1435","1496167200",1237
"1436","1496170800",800
"1437","1496174400",632
"1438","1496178000",403
"1439","1496181600",211
"1440","1496185200",148
"1441","1496188800",52
"1442","1496192400",20
"1443","1496196000",23
"1444","1496199600",11
"1445","1496203200",30
"1446","1496206800",170
"1447","1496210400",565
"1448","1496214000",1146
"1449","1496217600",1360
"1450","1496221200",654
"1451","1496224800",462
"1452","1496228400",613
"1453","1496232000",682
"1454","1496235600",786
"1455","1496239200",633
"1456","1496242800",738
"1457","1496246400",1491
"1458","1496250000",2163
"1459","1496253600",1544
"1460","1496257200",1102
"1461","1496260800",751
"1462","1496264400",476
"1463","1496268000",327
"1464","1496271600",145
"1465","1496275200",53
"1466","1496278800",35
"1467","1496282400",20
"1468","1496286000",12
"1469","1496289600",29
"1470","1496293200",150
"1471","1496296800",504
"1472","1496300400",1170
"1473","1496304000",1388
"1474","1496307600",606
"1475","1496311200",493
"1476","1496314800",623
"1477","1496318400",737
"1478","1496322000",680
"1479","1496325600",761
"1480","1496329200",934
"1481","1496332800",1524
"1482","1496336400",2299
"1483","1496340000",1545
"1484","1496343600",1100
"1485","1496347200",706
"1486","1496350800",428
"1487","1496354400",382
"1488","1496358000",185
"1489","1496361600",87
"1490","1496365200",39
"1491","1496368800",19
"1492","1496372400",13
"1493","1496376000",28
"1494","1496379600",152
"1495","1496383200",507
"1496","1496386800",1123
"1497","1496390400",1384
"1498","1496394000",713
"1499","1496397600",587
"1500","1496401200",809
"1501","1496404800",1009
"1502","1496408400",1005
"1503","1496412000",983
"1504","1496415600",1237
"1505","1496419200",1797
"1506","1496422800",2131
"1507","1496426400",1483
"1508","1496430000",1172
"1509","1496433600",803
"1510","1496437200",482
"1511","1496440800",427
"1512","1496444400",328
"1513","1496448000",194
"1514","1496451600",140
"1515","1496455200",68
"1516","1496458800",48
"1517","1496462400",38
"1518","1496466000",50
"1519","1496469600",123
"1520","1496473200",291
"1521","1496476800",525
"1522","1496480400",815
"1523","1496484000",1063
"1524","1496487600",1430
"1525","1496491200",1476
"1526","1496494800",1623
"1527","1496498400",1501
"1528","1496502000",1567
"1529","1496505600",1776
"1530","1496509200",1640
"1531","1496512800",1452
"1532","1496516400",1110
"1533","1496520000",770
"1534","1496523600",508
"1535","1496527200",527
"1536","1496530800",490
"1537","1496534400",354
"1538","1496538000",198
"1539","1496541600",77
"1540","1496545200",69
"1541","1496548800",41
"1542","1496552400",41
"1543","1496556000",108
"1544","1496559600",263
"1545","1496563200",371
"1546","1496566800",669
"1547","1496570400",892
"1548","1496574000",1147
"1549","1496577600",1429
"1550","1496581200",1413
"1551","1496584800",1402
"1552","1496588400",1425
"1553","1496592000",1414
"1554","1496595600",1415
"1555","1496599200",1211
"1556","1496602800",882
"1557","1496606400",661
"1558","1496610000",559
"1559","1496613600",369
"1560","1496617200",280
"1561","1496620800",174
"1562","1496624400",29
"1563","1496628000",19
"1564","1496631600",20
"1565","1496635200",23
"1566","1496638800",129
"1567","1496642400",564
"1568","1496646000",1249
"1569","1496649600",1507
"1570","1496653200",756
"1571","1496656800",570
"1572","1496660400",673
"1573","1496664000",754
"1574","1496667600",704
"1575","1496671200",631
"1576","1496674800",809
"1577","1496678400",1366
"1578","1496682000",2203
"1579","1496685600",1458
"1580","1496689200",1004
"1581","1496692800",638
"1582","1496696400",390
"1583","1496700000",207
"1584","1496703600",90
"1585","1496707200",41
"1586","1496710800",15
"1587","1496714400",8
"1588","1496718000",12
"1589","1496721600",16
"1590","1496725200",167
"1591","1496728800",598
"1592","1496732400",1259
"1593","1496736000",1521
"1594","1496739600",677
"1595","1496743200",447
"1596","1496746800",614
"1597","1496750400",782
"1598","1496754000",777
"1599","1496757600",724
"1600","1496761200",871
"1601","1496764800",1551
"1602","1496768400",2327
"1603","1496772000",1540
"1604","1496775600",1048
"1605","1496779200",716
"1606","1496782800",432
"1607","1496786400",319
"1608","1496790000",121
"1609","1496793600",65
"1610","1496797200",24
"1611","1496800800",22
"1612","1496804400",10
"1613","1496808000",24
"1614","1496811600",152
"1615","1496815200",568
"1616","1496818800",1213
"1617","1496822400",1481
"1618","1496826000",694
"1619","1496829600",449
"1620","1496833200",646
"1621","1496836800",711
"1622","1496840400",786
"1623","1496844000",724
"1624","1496847600",856
"1625","1496851200",1538
"1626","1496854800",2336
"1627","1496858400",1620
"1628","1496862000",1173
"1629","1496865600",762
"1630","1496869200",497
"1631","1496872800",406
"1632","1496876400",194
"1633","1496880000",102
"1634","1496883600",40
"1635","1496887200",26
"1636","1496890800",10
"1637","1496894400",27
"1638","1496898000",169
"1639","1496901600",510
"1640","1496905200",1222
"1641","1496908800",1431
"1642","1496912400",670
"1643","1496916000",514
"1644","1496919600",746
"1645","1496923200",808
"1646","1496926800",860
"1647","1496930400",921
"1648","1496934000",1051
"1649","1496937600",1621
"1650","1496941200",2446
"1651","1496944800",1596
"1652","1496948400",1120
"1653","1496952000",755
"1654","1496955600",565
"1655","1496959200",390
"1656","1496962800",236
"1657","1496966400",78
"1658","1496970000",49
"1659","1496973600",38
"1660","1496977200",33
"1661","1496980800",30
"1662","1496984400",157
"1663","1496988000",490
"1664","1496991600",1138
"1665","1496995200",1416
"1666","1496998800",732
"1667","1497002400",650
"1668","1497006000",931
"1669","1497009600",1085
"1670","1497013200",1068
"1671","1497016800",1150
"1672","1497020400",1368
"1673","1497024000",1769
"1674","1497027600",1974
"1675","1497031200",1354
"1676","1497034800",960
"1677","1497038400",652
"1678","1497042000",416
"1679","1497045600",372
"1680","1497049200",323
"1681","1497052800",198
"1682","1497056400",122
"1683","1497060000",78
"1684","1497063600",50
"1685","1497067200",41
"1686","1497070800",50
"1687","1497074400",156
"1688","1497078000",297
"1689","1497081600",580
"1690","1497085200",876
"1691","1497088800",1250
"1692","1497092400",1440
"1693","1497096000",1703
"1694","1497099600",1603
"1695","1497103200",1616
"1696","1497106800",1530
"1697","1497110400",1432
"1698","1497114000",1397
"1699","1497117600",1277
"1700","1497121200",1072
"1701","1497124800",837
"1702","1497128400",672
"1703","1497132000",656
"1704","1497135600",480
"1705","1497139200",325
"1706","1497142800",184
"1707","1497146400",99
"1708","1497150000",78
"1709","1497153600",47
"1710","1497157200",60
"1711","1497160800",85
"1712","1497164400",201
"1713","1497168000",429
"1714","1497171600",698
"1715","1497175200",966
"1716","1497178800",1273
"1717","1497182400",1412
"1718","1497186000",1463
"1719","1497189600",1517
"1720","1497193200",1418
"1721","1497196800",1469
"1722","1497200400",1236
"1723","1497204000",1176
"1724","1497207600",953
"1725","1497211200",774
"1726","1497214800",620
"1727","1497218400",478
"1728","1497222000",304
"1729","1497225600",112
"1730","1497229200",63
"1731","1497232800",42
"1732","1497236400",30
"1733","1497240000",19
"1734","1497243600",169
"1735","1497247200",549
"1736","1497250800",1176
"1737","1497254400",1361
"1738","1497258000",608
"1739","1497261600",529
"1740","1497265200",579
"1741","1497268800",730
"1742","1497272400",721
"1743","1497276000",724
"1744","1497279600",813
"1745","1497283200",1346
"1746","1497286800",2277
"1747","1497290400",1524
"1748","1497294000",1150
"1749","1497297600",769
"1750","1497301200",462
"1751","1497304800",273
"1752","1497308400",195
"1753","1497312000",79
"1754","1497315600",40
"1755","1497319200",19
"1756","1497322800",10
"1757","1497326400",21
"1758","1497330000",170
"1759","1497333600",630
"1760","1497337200",1268
"1761","1497340800",1478
"1762","1497344400",648
"1763","1497348000",464
"1764","1497351600",644
"1765","1497355200",715
"1766","1497358800",734
"1767","1497362400",778
"1768","1497366000",849
"1769","1497369600",1500
"1770","1497373200",2186
"1771","1497376800",1461
"1772","1497380400",1048
"1773","1497384000",751
"1774","1497387600",516
"1775","1497391200",290
"1776","1497394800",162
"1777","1497398400",85
"1778","1497402000",46
"1779","1497405600",33
"1780","1497409200",19
"1781","1497412800",28
"1782","1497416400",172
"1783","1497420000",601
"1784","1497423600",1348
"1785","1497427200",1425
"1786","1497430800",661
"1787","1497434400",455
"1788","1497438000",587
"1789","1497441600",678
"1790","1497445200",580
"1791","1497448800",479
"1792","1497452400",516
"1793","1497456000",1200
"1794","1497459600",906
"1795","1497463200",213
"1796","1497466800",250
"1797","1497470400",342
"1798","1497474000",304
"1799","1497477600",200
"1800","1497481200",145
"1801","1497484800",94
"1802","1497488400",21
"1803","1497492000",13
"1804","1497495600",10
"1805","1497499200",21
"1806","1497502800",180
"1807","1497506400",551
"1808","1497510000",1127
"1809","1497513600",1404
"1810","1497517200",745
"1811","1497520800",570
"1812","1497524400",715
"1813","1497528000",801
"1814","1497531600",738
"1815","1497535200",771
"1816","1497538800",791
"1817","1497542400",1517
"1818","1497546000",2331
"1819","1497549600",1681
"1820","1497553200",1193
"1821","1497556800",858
"1822","1497560400",572
"1823","1497564000",390
"1824","1497567600",244
"1825","1497571200",142
"1826","1497574800",29
"1827","1497578400",36
"1828","1497582000",19
"1829","1497585600",33
"1830","1497589200",152
"1831","1497592800",391
"1832","1497596400",642
"1833","1497600000",1105
"1834","1497603600",635
"1835","1497607200",454
"1836","1497610800",627
"1837","1497614400",800
"1838","1497618000",932
"1839","1497621600",966
"1840","1497625200",1101
"1841","1497628800",1678
"1842","1497632400",1879
"1843","1497636000",1302
"1844","1497639600",950
"1845","1497643200",728
"1846","1497646800",506
"1847","1497650400",437
"1848","1497654000",303
"1849","1497657600",229
"1850","1497661200",153
"1851","1497664800",106
"1852","1497668400",41
"1853","1497672000",19
"1854","1497675600",45
"1855","1497679200",92
"1856","1497682800",216
"1857","1497686400",476
"1858","1497690000",737
"1859","1497693600",1005
"1860","1497697200",1250
"1861","1497700800",1383
"1862","1497704400",1525
"1863","1497708000",1479
"1864","1497711600",1359
"1865","1497715200",1082
"1866","1497718800",910
"1867","1497722400",859
"1868","1497726000",782
"1869","1497729600",527
"1870","1497733200",161
"1871","1497736800",190
"1872","1497740400",190
"1873","1497744000",113
"1874","1497747600",101
"1875","1497751200",87
"1876","1497754800",51
"1877","1497758400",29
"1878","1497762000",38
"1879","1497765600",75
"1880","1497769200",161
"1881","1497772800",443
"1882","1497776400",725
"1883","1497780000",1006
"1884","1497783600",1210
"1885","1497787200",1381
"1886","1497790800",1389
"1887","1497794400",1581
"1888","1497798000",1513
"1889","1497801600",1511
"1890","1497805200",1348
"1891","1497808800",1185
"1892","1497812400",930
"1893","1497816000",739
"1894","1497819600",452
"1895","1497823200",276
"1896","1497826800",242
"1897","1497830400",129
"1898","1497834000",41
"1899","1497837600",16
"1900","1497841200",14
"1901","1497844800",18
"1902","1497848400",158
"1903","1497852000",571
"1904","1497855600",1242
"1905","1497859200",1550
"1906","1497862800",625
"1907","1497866400",570
"1908","1497870000",757
"1909","1497873600",802
"1910","1497877200",700
"1911","1497880800",694
"1912","1497884400",578
"1913","1497888000",1164
"1914","1497891600",2053
"1915","1497895200",1427
"1916","1497898800",1065
"1917","1497902400",683
"1918","1497906000",483
"1919","1497909600",329
"1920","1497913200",133
"1921","1497916800",68
"1922","1497920400",8
"1923","1497924000",4
"1924","1497927600",7
"1925","1497931200",21
"1926","1497934800",195
"1927","1497938400",662
"1928","1497942000",1395
"1929","1497945600",1699
"1930","1497949200",704
"1931","1497952800",569
"1932","1497956400",755
"1933","1497960000",772
"1934","1497963600",648
"1935","1497967200",637
"1936","1497970800",767
"1937","1497974400",1478
"1938","1497978000",2228
"1939","1497981600",1631
"1940","1497985200",1092
"1941","1497988800",811
"1942","1497992400",538
"1943","1497996000",333
"1944","1497999600",161
"1945","1498003200",80
"1946","1498006800",52
"1947","1498010400",18
"1948","1498014000",22
"1949","1498017600",28
"1950","1498021200",182
"1951","1498024800",608
"1952","1498028400",1360
"1953","1498032000",1609
"1954","1498035600",759
"1955","1498039200",599
"1956","1498042800",772
"1957","1498046400",875
"1958","1498050000",846
"1959","1498053600",712
"1960","1498057200",1022
"1961","1498060800",1579
"1962","1498064400",2443
"1963","1498068000",1753
"1964","1498071600",1230
"1965","1498075200",994
"1966","1498078800",626
"1967","1498082400",395
"1968","1498086000",164
"1969","1498089600",89
"1970","1498093200",42
"1971","1498096800",47
"1972","1498100400",21
"1973","1498104000",31
"1974","1498107600",178
"1975","1498111200",547
"1976","1498114800",1192
"1977","1498118400",1543
"1978","1498122000",713
"1979","1498125600",593
"1980","1498129200",738
"1981","1498132800",828
"1982","1498136400",772
"1983","1498140000",771
"1984","1498143600",860
"1985","1498147200",1254
"1986","1498150800",2346
"1987","1498154400",1517
"1988","1498158000",1129
"1989","1498161600",809
"1990","1498165200",620
"1991","1498168800",398
"1992","1498172400",185
"1993","1498176000",116
"1994","1498179600",58
"1995","1498183200",31
"1996","1498186800",17
"1997","1498190400",11
"1998","1498194000",25
"1999","1498197600",106
"2000","1498201200",515
"2001","1498204800",1035
"2002","1498208400",634
"2003","1498212000",561
"2004","1498215600",804
"2005","1498219200",963
"2006","1498222800",1054
"2007","1498226400",1062
"2008","1498230000",1269
"2009","1498233600",1940
"2010","1498237200",2068
"2011","1498240800",1410
"2012","1498244400",1030
"2013","1498248000",858
"2014","1498251600",524
"2015","1498255200",437
"2016","1498258800",299
"2017","1498262400",220
"2018","1498266000",134
"2019","1498269600",72
"2020","1498273200",53
"2021","1498276800",31
"2022","1498280400",57
"2023","1498284000",130
"2024","1498287600",289
"2025","1498291200",582
"2026","1498294800",916
"2027","1498298400",1087
"2028","1498302000",1395
"2029","1498305600",1669
"2030","1498309200",1681
"2031","1498312800",1750
"2032","1498316400",1896
"2033","1498320000",1662
"2034","1498323600",1707
"2035","1498327200",1320
"2036","1498330800",1056
"2037","1498334400",781
"2038","1498338000",644
"2039","1498341600",542
"2040","1498345200",327
"2041","1498348800",208
"2042","1498352400",128
"2043","1498356000",76
"2044","1498359600",58
"2045","1498363200",30
"2046","1498366800",46
"2047","1498370400",108
"2048","1498374000",170
"2049","1498377600",377
"2050","1498381200",655
"2051","1498384800",1028
"2052","1498388400",1247
"2053","1498392000",1459
"2054","1498395600",1500
"2055","1498399200",1626
"2056","1498402800",1662
"2057","1498406400",1477
"2058","1498410000",1437
"2059","1498413600",1170
"2060","1498417200",933
"2061","1498420800",621
"2062","1498424400",396
"2063","1498428000",287
"2064","1498431600",119
"2065","1498435200",45
"2066","1498438800",45
"2067","1498442400",14
"2068","1498446000",6
"2069","1498449600",18
"2070","1498453200",170
"2071","1498456800",573
"2072","1498460400",1215
"2073","1498464000",1467
"2074","1498467600",650
"2075","1498471200",524
"2076","1498474800",685
"2077","1498478400",797
"2078","1498482000",796
"2079","1498485600",768
"2080","1498489200",1003
"2081","1498492800",1659
"2082","1498496400",2577
"2083","1498500000",1642
"2084","1498503600",1130
"2085","1498507200",738
"2086","1498510800",433
"2087","1498514400",270
"2088","1498518000",121
"2089","1498521600",62
"2090","1498525200",28
"2091","1498528800",15
"2092","1498532400",5
"2093","1498536000",21
"2094","1498539600",178
"2095","1498543200",625
"2096","1498546800",1352
"2097","1498550400",1596
"2098","1498554000",685
"2099","1498557600",558
"2100","1498561200",720
"2101","1498564800",840
"2102","1498568400",806
"2103","1498572000",804
"2104","1498575600",938
"2105","1498579200",1742
"2106","1498582800",2666
"2107","1498586400",1779
"2108","1498590000",1263
"2109","1498593600",883
"2110","1498597200",589
"2111","1498600800",347
"2112","1498604400",189
"2113","1498608000",74
"2114","1498611600",25
"2115","1498615200",8
"2116","1498618800",14
"2117","1498622400",24
"2118","1498626000",183
"2119","1498629600",635
"2120","1498633200",1324
"2121","1498636800",1651
"2122","1498640400",668
"2123","1498644000",397
"2124","1498647600",144
"2125","1498651200",126
"2126","1498654800",379
"2127","1498658400",443
"2128","1498662000",698
"2129","1498665600",1382
"2130","1498669200",1764
"2131","1498672800",1282
"2132","1498676400",1005
"2133","1498680000",727
"2134","1498683600",447
"2135","1498687200",183
"2136","1498690800",85
"2137","1498694400",25
"2138","1498698000",14
"2139","1498701600",14
"2140","1498705200",10
"2141","1498708800",23
"2142","1498712400",188
"2143","1498716000",545
"2144","1498719600",1249
"2145","1498723200",1521
"2146","1498726800",716
"2147","1498730400",474
"2148","1498734000",638
"2149","1498737600",728
"2150","1498741200",704
"2151","1498744800",650
"2152","1498748400",823
"2153","1498752000",1451
"2154","1498755600",2035
"2155","1498759200",1118
"2156","1498762800",774
"2157","1498766400",300
"2158","1498770000",178
"2159","1498773600",227
"2160","1498777200",232
"2161","1498780800",107
"2162","1498784400",62
"2163","1498788000",29
"2164","1498791600",15
"2165","1498795200",24
"2166","1498798800",167
"2167","1498802400",518
"2168","1498806000",1119
"2169","1498809600",1376
"2170","1498813200",715
"2171","1498816800",590
"2172","1498820400",737
"2173","1498824000",943
"2174","1498827600",999
"2175","1498831200",1091
"2176","1498834800",1306
"2177","1498838400",1590
"2178","1498842000",1729
"2179","1498845600",1125
"2180","1498849200",778
"2181","1498852800",629
"2182","1498856400",489
"2183","1498860000",383
"2184","1498863600",332
