"","id","name","city","latitude","longitude","dpcapacity","online_date","totaltrips"
"1",2,"Buckingham Fountain","Chicago",41.88106,-87.619486,27,1370822400,9849
"2",3,"Shedd Aquarium","Chicago",41.86722595682,-87.6153553902,31,1370822400,19663
"3",4,"Burnham Harbor","Chicago",41.856268,-87.613348,23,1370822400,16508
"4",5,"State St & Harrison St","Chicago",41.874053,-87.627716,23,1370822400,4812
"5",6,"Dusable Harbor","Chicago",41.88504199232,-87.6127945394,39,1370822400,14902
"6",7,"Field Blvd & South Water St","Chicago",41.88634906269,-87.6175165471,19,1371600000,6182
"7",9,"Leavitt St & Archer Ave","Chicago",41.82879201994,-87.6806044594,19,1371772800,466
"8",11,"Jeffery Blvd & 71st St","Chicago",41.76663823695,-87.5764501141,11,1371772800,161
"9",12,"South Shore Dr & 71st St","Chicago",41.7664094567,-87.5656875719,15,1371772800,548
"10",13,"Wilton Ave & Diversey Pkwy","Chicago",41.932418,-87.652705,27,1371859200,7257
"11",14,"Morgan St & 18th St","Chicago",41.858086,-87.651073,15,1371859200,2182
"12",15,"Racine Ave & 18th St","Chicago",41.858166,-87.656495,15,1371859200,2604
"13",16,"Paulina Ave & North Ave","Chicago",41.910337,-87.670072,15,1371859200,4433
"14",17,"Wood St & Division St","Chicago",41.90332,-87.67273,15,1371859200,4201
"15",18,"Wacker Dr & Washington St","Chicago",41.88327159253,-87.6373132869,19,1371859200,9689
"16",19,"Loomis St & Taylor St (*)","Chicago",41.869417,-87.660996,16,1371859200,4357
"17",20,"Sheffield Ave & Kingsbury St","Chicago",41.910522,-87.653106,15,1371859200,5746
"18",21,"Aberdeen St & Jackson Blvd","Chicago",41.87772613,-87.65478743,15,1371859200,4851
"19",22,"May St & Taylor St","Chicago",41.8694821,-87.6554864,15,1371859200,4324
"20",23,"Orleans St & Elm St (*)","Chicago",41.902924,-87.637715,16,1371859200,2319
"21",24,"Fairbanks Ct & Grand Ave","Chicago",41.89186,-87.62062,15,1371859200,12248
"22",25,"Michigan Ave & Pearson St","Chicago",41.89766,-87.62351,23,1371859200,7419
"23",26,"McClurg Ct & Illinois St","Chicago",41.89102,-87.6173,31,1371859200,16661
"24",27,"Larrabee St & North Ave","Chicago",41.91021,-87.6435,19,1371859200,2686
"25",28,"Larrabee St & Menomonee St","Chicago",41.91468,-87.64332,15,1371859200,3573
"26",29,"Noble St & Milwaukee Ave","Chicago",41.90068,-87.6626,15,1371859200,4683
"27",30,"Ashland Ave & Augusta Blvd","Chicago",41.899643,-87.6677,15,1371859200,3397
"28",31,"Franklin St & Chicago Ave","Chicago",41.896776,-87.635633,23,1371859200,7882
"29",32,"Racine Ave & Congress Pkwy","Chicago",41.87464,-87.65703,19,1371859200,3148
"30",33,"State St & Van Buren St","Chicago",41.877181,-87.627844,27,1371859200,8252
"31",34,"Cannon Dr & Fullerton Ave","Chicago",41.9267559875,-87.6344287848,15,1371859200,6247
"32",35,"Streeter Dr & Grand Ave","Chicago",41.892278,-87.612043,47,1371859200,65574
"33",36,"Franklin St & Jackson Blvd","Chicago",41.8777079559,-87.6353211408,31,1372032000,12687
"34",37,"Dearborn St & Adams St","Chicago",41.8793563587,-87.6297910363,19,1372118400,8455
"35",38,"Clark St & Lake St","Chicago",41.88602082773,-87.6308760584,27,1372118400,8998
"36",39,"Wabash Ave & Adams St","Chicago",41.87947235235,-87.6256886059,23,1372118400,6769
"37",40,"LaSalle St & Adams St","Chicago",41.87934437346,-87.6319852213,15,1372118400,8202
"38",41,"Federal St & Polk St","Chicago",41.87207763285,-87.6295437729,19,1372118400,7438
"39",42,"Wabash Ave & Cermak Rd","Chicago",41.852619,-87.626488,11,1372118400,1757
"40",43,"Michigan Ave & Washington St","Chicago",41.8838927658,-87.6246491409,43,1372118400,21295
"41",44,"State St & Randolph St","Chicago",41.8847302006,-87.6277335692,27,1372118400,9924
"42",45,"Michigan Ave & Congress Pkwy","Chicago",41.876243,-87.624426,15,1372118400,5909
"43",46,"Wells St & Walton St","Chicago",41.89993001,-87.63443007,19,1372118400,3982
"44",47,"State St & Kinzie St","Chicago",41.889187,-87.627754,31,1372118400,11654
"45",48,"Larrabee St & Kingsbury St","Chicago",41.897764,-87.642884,39,1372118400,11812
"46",49,"Dearborn St & Monroe St","Chicago",41.881319815,-87.6295209193,27,1372118400,11204
"47",50,"Clark St & Congress Pkwy","Chicago",41.8759326655,-87.6305845355,27,1372118400,6549
"48",51,"Clark St & Randolph St","Chicago",41.884576228,-87.63188991,31,1372118400,8872
"49",52,"Michigan Ave & Lake St","Chicago",41.886024,-87.624117,31,1372118400,13622
"50",53,"Wells St & Huron St","Chicago",41.894729,-87.634371,27,1372118400,9396
"51",54,"Ogden Ave & Chicago Ave","Chicago",41.896362458,-87.6540612729,19,1372118400,5253
"52",55,"Halsted St & Roosevelt Rd","Chicago",41.867324,-87.648625,23,1372118400,2211
"53",56,"Desplaines St & Kinzie St","Chicago",41.888716036,-87.6444478533,27,1372118400,10564
"54",57,"Clinton St & Roosevelt Rd","Chicago",41.8671177825,-87.6410879593,15,1372118400,4447
"55",58,"Marshfield Ave & Cortland St","Chicago",41.916017,-87.668879,23,1372118400,10759
"56",59,"Wabash Ave & Roosevelt Rd","Chicago",41.867227,-87.625961,23,1372118400,13551
"57",60,"Dayton St & North Ave","Chicago",41.9105780349,-87.6494219288,19,1372118400,6547
"58",61,"Wood St & Milwaukee Ave","Chicago",41.907655,-87.672552,19,1372118400,6916
"59",62,"McCormick Place","Chicago",41.8513751729,-87.6188346489,27,1372118400,4832
"60",66,"Clinton St & Lake St","Chicago",41.885637,-87.641823,23,1372118400,12069
"61",67,"Sheffield Ave & Fullerton Ave","Chicago",41.9256018819,-87.6537080423,19,1372118400,9576
"62",68,"Clinton St & Tilden St","Chicago",41.875885,-87.640795,23,1372118400,4237
"63",69,"Damen Ave & Pierce Ave","Chicago",41.9093960065,-87.6776919292,19,1372118400,11198
"64",71,"Morgan St & Lake St","Chicago",41.8854833079,-87.6523048564,23,1372118400,9129
"65",72,"Wabash Ave & 16th St","Chicago",41.860384,-87.625813,31,1372118400,5934
"66",73,"Jefferson St & Monroe St","Chicago",41.880422,-87.642746,19,1372118400,5397
"67",74,"Kingsbury St & Erie St","Chicago",41.893882,-87.641711,23,1372204800,10929
"68",75,"Canal St & Jackson Blvd","Chicago",41.877245,-87.639366,31,1372204800,17174
"69",76,"Lake Shore Dr & Monroe St","Chicago",41.880958,-87.616743,39,1372204800,36722
"70",77,"Clinton St & Madison St","Chicago",41.882242,-87.641066,31,1372204800,25987
"71",80,"Aberdeen St & Madison (Monroe) St","Chicago",41.881567,-87.655056,19,1372204800,5743
"72",81,"Daley Center Plaza","Chicago",41.884241,-87.629634,39,1372204800,17288
"73",84,"Milwaukee Ave & Grand Ave","Chicago",41.891578,-87.648384,19,1372204800,6735
"74",85,"Michigan Ave & Oak St","Chicago",41.90096039,-87.62377664,23,1372204800,25880
"75",86,"Eckhart Park","Chicago",41.89637337,-87.66098386,19,1372204800,3737
"76",87,"Racine Ave & Fullerton Ave","Chicago",41.92556258,-87.65840426,19,1372204800,4613
"77",88,"Racine Ave & Randolph St","Chicago",41.884069,-87.656853,19,1372204800,3916
"78",89,"Financial Pl & Congress Pkwy","Chicago",41.87500913494,-87.6331058189,31,1372204800,6355
"79",90,"Millennium Park","Chicago",41.8810317,-87.62408432,35,1372204800,24938
"80",91,"Clinton St & Washington Blvd","Chicago",41.88338,-87.64117,31,1372204800,26960
"81",92,"Carpenter St & Huron St","Chicago",41.894556,-87.653449,19,1372291200,3054
"82",93,"Sheffield Ave & Willow St","Chicago",41.913688,-87.652855,15,1372291200,5322
"83",94,"Clark St & Armitage Ave","Chicago",41.918306,-87.636282,31,1372291200,14514
"84",95,"Stony Island Ave & 64th St","Chicago",41.77870057128,-87.5867876179,15,1372291200,107
"85",96,"Desplaines St & Randolph St","Chicago",41.88461618962,-87.6445705849,23,1372377600,5469
"86",97,"Field Museum","Chicago",41.865312,-87.617867,51,1372550400,7966
"87",98,"LaSalle St & Washington St","Chicago",41.882664,-87.63253,15,1373846400,8795
"88",99,"Lake Shore Dr & Ohio St","Chicago",41.89257,-87.614492,19,1373846400,10513
"89",100,"Orleans St & Merchandise Mart Plaza","Chicago",41.888243,-87.63639,31,1373846400,16074
"90",101,"63rd St Beach","Chicago",41.78101637196,-87.5761197602,23,1373932800,816
"91",102,"Stony Island Ave & 67th St","Chicago",41.77345849948,-87.5853397391,11,1373932800,130
"92",103,"Clinton St & Polk St (*)","Chicago",41.87146651779,-87.6409491327,16,1374105600,1233
"93",106,"State St & Pearson St","Chicago",41.897448,-87.628722,27,1374105600,6724
"94",107,"Desplaines St & Jackson Blvd","Chicago",41.878287,-87.643909,23,1374105600,4542
"95",108,"Halsted St & Polk St","Chicago",41.87184,-87.64664,19,1374105600,4718
"96",109,"900 W Harrison St","Chicago",41.874675,-87.650019,19,1374105600,2790
"97",110,"Dearborn St & Erie St","Chicago",41.893992,-87.629318,23,1374105600,14163
"98",111,"Sedgwick St & Huron St","Chicago",41.894666,-87.638437,19,1374105600,4918
"99",112,"Green St & Randolph St","Chicago ",41.883668,-87.64867,15,1374105600,8503
"100",113,"Bissell St & Armitage Ave","Chicago ",41.91844,-87.65222,15,1374105600,7961
"101",114,"Sheffield Ave & Waveland Ave","Chicago",41.949399,-87.654529,27,1374105600,8892
"102",115,"Sheffield Ave & Wellington Ave","Chicago",41.936266,-87.652662,23,1374105600,6837
"103",116,"Western Ave & Winnebago Ave","Chicago",41.91552,-87.687022,15,1374105600,4238
"104",117,"Wilton Ave & Belmont Ave","Chicago",41.94018,-87.65304,23,1374105600,10822
"105",118,"Sedgwick St & North Ave","Chicago",41.911386,-87.638677,19,1374105600,7310
"106",119,"Ashland Ave & Lake St","Chicago",41.88541,-87.66732,19,1374105600,2594
"107",120,"Wentworth Ave & Archer Ave","Chicago",41.853605,-87.631886,23,1374105600,3574
"108",121,"Blackstone Ave & Hyde Park Blvd","Chicago",41.802562,-87.590368,19,1374105600,1185
"109",122,"Ogden Ave & Congress Pkwy","Chicago",41.87501,-87.67328,15,1374105600,1271
"110",123,"California Ave & Milwaukee Ave","Chicago",41.922695,-87.697153,15,1374105600,5513
"111",124,"Damen Ave & Cullerton St","Chicago",41.855048,-87.675726,15,1374105600,1062
"112",125,"Rush St & Hubbard St","Chicago",41.890011,-87.626293,15,1374105600,7973
"113",126,"Clark St & North Ave","Chicago ",41.911974,-87.631942,15,1374105600,7503
"114",127,"Lincoln Ave & Fullerton Ave","Chicago ",41.925905,-87.64926,15,1374105600,5800
"115",128,"Damen Ave & Chicago Ave","Chicago",41.895769,-87.67722,15,1374105600,5900
"116",129,"Blue Island Ave & 18th St","Chicago ",41.857556,-87.661535,15,1374105600,2993
"117",130,"Damen Ave & Division St","Chicago ",41.90331,-87.67695,15,1374105600,6699
"118",131,"Lincoln Ave & Belmont Ave","Chicago ",41.939365,-87.668385,15,1374105600,3903
"119",132,"Wentworth Ave & 24th St","Chicago ",41.849237,-87.631715,15,1374105600,871
"120",133,"Kingsbury St & Kinzie St","Chicago",41.88917683258,-87.6385057718,27,1374105600,19268
"121",134,"Peoria St & Jackson Blvd","Chicago",41.877749,-87.649633,19,1374105600,8352
"122",135,"Halsted St & 21st St","Chicago",41.85378,-87.64665,11,1374105600,832
"123",136,"Racine Ave & 13th St","Chicago ",41.865054,-87.656959,15,1374105600,558
"124",137,"Morgan Ave & 14th Pl","Chicago ",41.862378,-87.651062,15,1374105600,2894
"125",138,"Clybourn Ave & Division St","Chicago ",41.904613,-87.640552,15,1374105600,3616
"126",140,"Dearborn Pkwy & Delaware Pl","Chicago ",41.898969,-87.629912,19,1374105600,10622
"127",141,"Clark St & Lincoln Ave","Chicago ",41.915689,-87.6346,23,1374105600,13193
"128",142,"McClurg Ct & Erie St","Chicago ",41.894503,-87.617854,31,1374105600,9135
"129",143,"Sedgwick St & Webster Ave","Chicago ",41.922167,-87.638888,15,1374192000,6912
"130",144,"Larrabee St & Webster Ave","Chicago ",41.921822,-87.64414,19,1374192000,7731
"131",145,"Mies van der Rohe Way & Chestnut St","Chicago",41.8985866514,-87.6219152258,19,1374192000,9134
"132",146,"Loomis St & Jackson Blvd","Chicago ",41.877945,-87.662007,11,1374192000,2425
"133",147,"Indiana Ave & 26th St","Chicago ",41.845687,-87.622481,15,1374192000,1968
"134",148,"State St & 33rd St","Chicago ",41.834734,-87.625813,11,1374192000,4462
"135",149,"Calumet Ave & 33rd St","Chicago ",41.8349,-87.61793,11,1374192000,2822
"136",150,"Fort Dearborn Dr & 31st St","Chicago ",41.838556,-87.608218,15,1374192000,8124
"137",152,"Lincoln Ave & Diversey Pkwy","Chicago ",41.932225,-87.658617,15,1374192000,4836
"138",153,"Southport Ave & Wellington Ave","Chicago ",41.935733,-87.663576,19,1374192000,6482
"139",154,"Southport Ave & Belmont Ave","Chicago ",41.93949,-87.66378,15,1374192000,2804
"140",156,"Clark St & Wellington Ave","Chicago ",41.9364968219,-87.6475386582,15,1374192000,6850
"141",157,"Lake Shore Dr & Wellington Ave","Chicago ",41.936669,-87.636794,15,1374192000,9385
"142",158,"Milwaukee Ave & Wabansia Ave","Chicago ",41.912616,-87.681391,15,1374192000,5191
"143",159,"Claremont Ave & Hirsch St","Chicago",41.907781,-87.685854,11,1374192000,1829
"144",160,"Campbell Ave & North Ave","Chicago",41.910535,-87.689556,15,1374192000,1828
"145",161,"Rush St & Superior St","Chicago",41.89576474564,-87.6259080327,23,1374192000,6995
"146",162,"Damen Ave & Wellington Ave","Chicago",41.93588,-87.67842,15,1374192000,2226
"147",163,"Damen Ave & Clybourn Ave","Chicago",41.931931,-87.677856,15,1374192000,2064
"148",164,"Franklin St & Lake St","Chicago",41.885837,-87.6355,23,1374192000,7177
"149",165,"Clark St & Grace St","Chicago",41.95078,-87.659172,19,1374192000,3880
"150",166,"Ashland Ave & Wrightwood Ave","Chicago ",41.92883,-87.668507,15,1374192000,2614
"151",167,"Damen Ave & Coulter St","Chicago ",41.8492,-87.67564,11,1374192000,232
"152",168,"Michigan Ave & 14th St","Chicago ",41.864059,-87.623727,19,1374192000,5220
"153",169,"Canal St & Harrison St","Chicago ",41.874337,-87.639566,15,1374192000,2086
"154",170,"Clinton St & 18th St","Chicago",41.85795,-87.640826,15,1374192000,1789
"155",171,"May St & Cullerton St","Chicago ",41.855136,-87.654127,11,1374192000,1072
"156",172,"Rush St & Cedar St","Chicago",41.90230870122,-87.627690528,11,1374192000,7477
"157",173,"Mies van der Rohe Way & Chicago Ave","Chicago ",41.89691,-87.621743,15,1374192000,8241
"158",174,"Canal St & Madison St","Chicago ",41.882091,-87.639833,27,1374192000,17788
"159",175,"Wells St & Polk St","Chicago ",41.872596,-87.633502,19,1374192000,4586
"160",176,"Clark St & Elm St","Chicago ",41.902973,-87.63128,27,1374192000,13682
"161",177,"Theater on the Lake","Chicago ",41.926277,-87.630834,23,1374192000,30093
"162",178,"State St & 19th St","Chicago ",41.856594,-87.627542,15,1374192000,1767
"163",179,"MLK Jr Dr & Oakwood Blvd","Chicago",41.82256,-87.61615,15,1374192000,477
"164",180,"Ritchie Ct & Banks St","Chicago",41.906782,-87.626402,15,1374192000,4767
"165",181,"LaSalle St & Illinois St","Chicago",41.890755,-87.632009,31,1374192000,14642
"166",182,"Wells St & Elm St","Chicago",41.903222,-87.634324,23,1374278400,7645
"167",183,"Damen Ave & Augusta Blvd","Chicago",41.899113,-87.677212,23,1374278400,4611
"168",184,"State St & 35th St","Chicago",41.83104,-87.62688,19,1374364800,2301
"169",185,"Stave St & Armitage Ave","Chicago",41.917741,-87.691392,11,1374796800,1334
"170",186,"Ogden Ave & Race Ave","Chicago",41.891795,-87.658751,15,1374883200,3589
"171",188,"Greenview Ave & Fullerton Ave","Chicago",41.92533,-87.6658,15,1374969600,3464
"172",190,"Southport Ave & Wrightwood Ave","Chicago",41.928773,-87.663913,15,1375660800,3855
"173",191,"Canal St & Monroe St (*)","Chicago",41.880884,-87.639525,28,1375747200,8272
"174",192,"Canal St & Adams St","Chicago",41.879255,-87.639904,47,1375747200,23190
"175",193,"State St & 29th St","Chicago",41.841707,-87.626938,15,1375747200,522
"176",194,"Wabash Ave & Wacker Pl","Chicago",41.886875,-87.62603,19,1375833600,8262
"177",195,"Columbus Dr & Randolph St","Chicago",41.884728,-87.619521,47,1375833600,17612
"178",196,"Cityfront Plaza Dr & Pioneer Ct","Chicago",41.890573,-87.622072,19,1375833600,6748
"179",197,"Michigan Ave & Madison St","Chicago",41.882134,-87.625125,19,1375920000,6502
"180",198,"Green St & Madison St","Chicago",41.881892,-87.648789,19,1375920000,9087
"181",199,"Wabash Ave & Grand Ave","Chicago",41.890912,-87.626804,15,1375920000,12242
"182",200,"MLK Jr Dr & 47th St","Chicago",41.809851,-87.616279,11,1376092800,393
"183",201,"Indiana Ave & 40th St","Chicago",41.82168,-87.6216,15,1376092800,218
"184",202,"Halsted St & 18th St","Chicago",41.857499,-87.646277,15,1376265600,1826
"185",203,"Western Ave & 21st St","Chicago",41.85394,-87.685243,15,1376352000,957
"186",204,"Prairie Ave & Garfield Blvd","Chicago",41.794853,-87.618691,15,1376352000,1001
"187",205,"Paulina St & 18th St","Chicago",41.857901,-87.668745,15,1376352000,1846
"188",206,"Halsted St & Archer Ave","Chicago",41.847203,-87.646795,15,1376438400,1069
"189",207,"Emerald Ave & 28th St","Chicago",41.84358,-87.645368,15,1376438400,691
"190",208,"Ashland Ave & 21st St","Chicago",41.85381,-87.665897,15,1376438400,1187
"191",209,"Normal Ave & Archer Ave","Chicago",41.849527,-87.640591,11,1376438400,664
"192",210,"Ashland Ave & Division St","Chicago",41.90345,-87.667747,19,1376438400,9144
"193",211,"St. Clair St & Erie St","Chicago",41.894448,-87.622663,19,1376438400,13499
"194",212,"Orleans St & Ohio St","Chicago",41.892154,-87.636928,23,1376438400,6657
"195",213,"Leavitt St & North Ave","Chicago",41.910153,-87.68229,15,1376524800,3411
"196",214,"Damen Ave & Grand Ave","Chicago",41.89122,-87.67686,23,1376524800,3211
"197",215,"Damen Ave & Madison St","Chicago",41.88137,-87.67493,15,1376524800,1334
"198",216,"California Ave & Division St","Chicago",41.903029,-87.697474,15,1376524800,1440
"199",217,"Racine Ave (May St) & Fulton St","Chicago",41.886926,-87.656919,15,1376524800,4160
"200",218,"Wells St & 19th St","Chicago",41.856802,-87.633879,11,1376524800,815
"201",219,"Damen Ave & Cortland St","Chicago",41.916027,-87.677411,19,1376611200,5577
"202",220,"Hampden Ct & Diversey Pkwy","Chicago",41.93262,-87.642385,23,1376611200,7931
"203",222,"Milwaukee Ave & Rockwell St","Chicago",41.920195,-87.693033,19,1376611200,1593
"204",223,"Clifton Ave & Armitage Ave","Chicago",41.918216,-87.656936,15,1376611200,4957
"205",224,"Halsted St & Willow St","Chicago",41.913778,-87.64884,19,1376611200,3912
"206",225,"Halsted St & Dickens Ave","Chicago",41.919936,-87.64883,15,1376870400,4797
"207",226,"Racine Ave & Belmont Ave","Chicago",41.939743,-87.658865,15,1376870400,5004
"208",227,"Southport Ave & Waveland Ave","Chicago",41.94815,-87.66394,15,1376870400,5540
"209",228,"Damen Ave & Melrose Ave","Chicago",41.9406,-87.6785,11,1376870400,1662
"210",229,"Southport Ave & Roscoe St","Chicago",41.943739,-87.66402,19,1376870400,6340
"211",230,"Lincoln Ave & Roscoe St","Chicago",41.94334,-87.67097,19,1376870400,5063
"212",231,"Sheridan Rd & Montrose Ave","Chicago",41.96167,-87.65464,23,1376956800,5062
"213",232,"Pine Grove Ave & Waveland Ave","Chicago",41.949275,-87.646303,23,1376956800,6265
"214",233,"Sangamon St & Washington Blvd (*)","Chicago",41.883004,-87.651148,16,1376956800,5156
"215",234,"Clark St & Montrose Ave","Chicago",41.961588,-87.666036,19,1376956800,2620
"216",236,"Sedgwick St & Schiller St","Chicago",41.905664,-87.638517,15,1376956800,1408
"217",237,"MLK Jr Dr & 29th St","Chicago",41.842052,-87.617,15,1376956800,6937
"218",238,"Ravenswood Ave & Montrose Ave (*)","Chicago",41.961615,-87.674365,16,1377043200,2324
"219",239,"Western Ave & Leland Ave","Chicago",41.966555,-87.688487,19,1377043200,3259
"220",240,"Sheridan Rd & Irving Park Rd","Chicago",41.954245,-87.654406,27,1377043200,7169
"221",241,"Morgan St & Polk St","Chicago ",41.871737,-87.65103,15,1377043200,6532
"222",242,"Damen Ave & Leland Ave","Chicago ",41.967094,-87.679028,15,1377043200,2642
"223",243,"Lincoln Ave & Leavitt St","Chicago ",41.962391,-87.684146,15,1377043200,2854
"224",244,"Ravenswood Ave & Irving Park Rd","Chicago",41.95469,-87.67393,19,1377129600,2989
"225",245,"Clarendon Ave & Junior Ter","Chicago",41.961004,-87.649603,23,1377129600,3396
"226",246,"Ashland Ave & Belle Plaine Ave","Chicago",41.956061,-87.668869,11,1377129600,1883
"227",247,"Shore Dr & 55th St","Chicago",41.795212,-87.580715,19,1377129600,4414
"228",248,"Woodlawn Ave & 55th St","Chicago",41.795264,-87.596471,19,1377129600,1536
"229",249,"Montrose Harbor","Chicago",41.963982,-87.638181,31,1377129600,11283
"230",250,"Ashland Ave & Wellington Ave","Chicago",41.936083,-87.669807,19,1377216000,2121
"231",251,"Clarendon Ave & Leland Ave","Chicago",41.967968,-87.650001,15,1377475200,2418
"232",252,"Greenwood Ave & 47th St","Chicago",41.809835,-87.599383,15,1377475200,635
"233",253,"Clifton Ave & Lawrence Ave","Chicago",41.968873,-87.658857,15,1377907200,2843
"234",254,"Pine Grove Ave & Irving Park Rd","Chicago",41.954383,-87.648043,15,1377907200,7152
"235",255,"Indiana Ave & Roosevelt Rd","Chicago",41.867888,-87.623041,39,1377907200,15646
"236",256,"Broadway & Sheridan Rd","Chicago",41.952833,-87.649993,15,1377907200,3602
"237",257,"Lincoln Ave & Waveland Ave","Chicago",41.94911,-87.675112,15,1377907200,2494
"238",258,"Logan Blvd & Elston Ave","Chicago",41.930584,-87.685126,19,1377907200,3082
"239",259,"California Ave & Francis Pl","Chicago",41.918121,-87.696972,15,1378166400,1952
"240",260,"Kedzie Ave & Milwaukee Ave","Chicago",41.929567,-87.707857,27,1378166400,5499
"241",261,"Hermitage Ave & Polk St","Chicago",41.871514,-87.669886,15,1378166400,3089
"242",262,"Halsted St & 37th St","Chicago",41.827059,-87.64572,11,1378166400,327
"243",263,"Rhodes Ave & 32nd St","Chicago",41.836208,-87.613533,11,1378166400,2118
"244",264,"Stetson Ave & South Water St","Chicago",41.886835,-87.62232,19,1378166400,7789
"245",265,"Cottage Grove Ave & Oakwood Blvd","Chicago",41.822985,-87.6071,15,1378166400,1055
"246",267,"Lake Park Ave & 47th St","Chicago",41.809443,-87.591875,15,1378252800,2022
"247",268,"Lake Shore Dr & North Blvd","Chicago",41.911722,-87.626804,39,1378339200,33600
"248",270,"Stony Island Ave & 75th St","Chicago",41.7586696704,-87.586882871,15,1378339200,85
"249",271,"Cottage Grove Ave & 43rd St","Chicago",41.816499,-87.606582,11,1378684800,409
"250",272,"Indiana Ave & 31st St","Chicago",41.838842,-87.621857,11,1378684800,2739
"251",273,"Michigan Ave & 18th St","Chicago",41.857813,-87.62455,23,1378771200,5671
"252",274,"Racine Ave & 15th St","Chicago",41.861267,-87.656625,15,1378771200,1296
"253",275,"Ashland Ave & 13th St","Chicago",41.865234,-87.666507,15,1378771200,1061
"254",276,"California Ave & North Ave","Chicago",41.91044,-87.6972,11,1378771200,1892
"255",277,"Ashland Ave & Grand Ave","Chicago",41.891072,-87.666611,15,1378771200,2745
"256",278,"Wallace St & 35th St","Chicago",41.830629,-87.64129,15,1378771200,719
"257",279,"Halsted St & 35th St (*)","Chicago",41.830661,-87.647172,16,1378857600,1313
"258",280,"Morgan St & 31st St","Chicago",41.8378,-87.65114,11,1378857600,924
"259",281,"Western Ave & 24th St","Chicago",41.84847,-87.685109,11,1378857600,282
"260",282,"Halsted St & Maxwell St","Chicago",41.864883,-87.647071,15,1378857600,4120
"261",283,"LaSalle St & Jackson Blvd","Chicago",41.87817,-87.631985,31,1378857600,11364
"262",284,"Michigan Ave & Jackson Blvd","Chicago",41.87785,-87.62408,23,1378944000,11850
"263",285,"Wood St & Hubbard St","Chicago",41.889587,-87.671956,19,1378944000,2322
"264",286,"Franklin St & Quincy St","Chicago",41.878724,-87.634793,23,1378944000,7438
"265",287,"Franklin St & Monroe St","Chicago",41.880317,-87.635185,27,1378944000,17494
"266",288,"Larrabee St & Armitage Ave","Chicago",41.918084,-87.643749,11,1378944000,4008
"267",289,"Wells St & Concord Ln","Chicago",41.912133,-87.634656,19,1379030400,13256
"268",290,"Kedzie Ave & Palmer Ct","Chicago",41.921525,-87.707322,15,1379030400,2313
"269",291,"Wells St & Evergreen Ave","Chicago",41.906724,-87.63483,19,1379030400,7942
"270",292,"Southport Ave & Clark St","Chicago",41.957081,-87.664199,11,1379030400,1683
"271",293,"Broadway & Wilson Ave","Chicago",41.965485,-87.657238,19,1379376000,2650
"272",294,"Broadway & Berwyn Ave","Chicago",41.978353,-87.659753,15,1379376000,3623
"273",295,"Broadway & Argyle St","Chicago",41.973815,-87.65966,15,1379376000,2217
"274",296,"Broadway & Belmont Ave","Chicago",41.940106,-87.645451,15,1379376000,6289
"275",297,"Paulina St & Montrose Ave","Chicago",41.961507,-87.671387,15,1379462400,1279
"276",298,"Lincoln Ave & Belle Plaine Ave","Chicago",41.955927,-87.679259,15,1379462400,2762
"277",299,"Halsted St & Roscoe St","Chicago",41.94367,-87.64895,15,1379462400,6631
"278",300,"Broadway & Barry Ave","Chicago",41.937725,-87.644095,19,1379462400,9840
"279",301,"Clark St & Schiller St","Chicago",41.907993,-87.631501,19,1379462400,7550
"280",302,"Sheffield Ave & Wrightwood Ave","Chicago",41.928712,-87.653833,19,1379462400,4588
"281",303,"Broadway & Cornelia Ave","Chicago",41.945529,-87.646439,23,1379548800,6195
"282",304,"Broadway & Waveland Ave","Chicago",41.949065,-87.648601,15,1379548800,4664
"283",305,"Western Ave & Division St","Chicago",41.902893,-87.687275,15,1379548800,3039
"284",306,"Sheridan Rd & Buena Ave","Chicago",41.958494,-87.654966,15,1379548800,3260
"285",307,"Southport Ave & Clybourn Ave","Chicago",41.920771,-87.663712,15,1379548800,3799
"286",308,"Seeley Ave & Roscoe St","Chicago",41.943403,-87.679618,11,1379548800,2233
"287",309,"Leavitt St & Armitage Ave","Chicago",41.917805,-87.682437,11,1379548800,2413
"288",310,"Damen Ave & Charleston St","Chicago",41.920082,-87.677855,11,1379548800,2410
"289",311,"Leavitt St & Lawrence Ave","Chicago",41.968885,-87.684001,19,1379635200,1846
"290",312,"Clarendon Ave & Gordon Ter","Chicago",41.957879,-87.649519,15,1379635200,4514
"291",313,"Lakeview Ave & Fullerton Pkwy","Chicago",41.925858,-87.638973,19,1379635200,9570
"292",314,"Ravenswood Ave & Berteau Ave","Chicago",41.957921,-87.673567,15,1379635200,2404
"293",315,"Elston Ave & Wabansia Ave","Chicago",41.912919,-87.664169,23,1379635200,2221
"294",316,"Damen Ave & Sunnyside Ave","Chicago",41.96325,-87.679258,19,1379635200,1648
"295",317,"Wood St & Taylor St","Chicago",41.869154,-87.671045,23,1379635200,3645
"296",318,"Southport Ave & Irving Park Rd","Chicago",41.954177,-87.664358,15,1379635200,3246
"297",319,"Greenview Ave & Diversey Pkwy","Chicago",41.932595,-87.665939,15,1379635200,2329
"298",320,"Loomis St & Lexington St","Chicago",41.872187,-87.661501,19,1379635200,5727
"299",321,"Wabash Ave & 8th St","Chicago",41.871962,-87.626106,19,1379635200,6274
"300",322,"Kimbark Ave & 53rd St","Chicago",41.799568,-87.594747,19,1379635200,3461
"301",323,"Sheridan Rd & Lawrence Ave","Chicago",41.969517,-87.654691,15,1379721600,1868
"302",324,"Stockton Dr & Wrightwood Ave","Chicago",41.93132,-87.638742,15,1379721600,5703
"303",325,"Clark St & Winnemac Ave","Chicago",41.973385,-87.668365,19,1379894400,4095
"304",326,"Clark St & Leland Ave","Chicago",41.967096,-87.667429,11,1379894400,2531
"305",327,"Sheffield Ave & Webster Ave","Chicago",41.92154,-87.653818,19,1379894400,6790
"306",328,"Ellis Ave & 58th St","Chicago",41.788746,-87.601334,19,1380067200,2550
"307",329,"Lake Shore Dr & Diversey Pkwy","Chicago",41.932684,-87.63625,15,1380067200,7983
"308",330,"Lincoln Ave & Addison St","Chicago",41.946176,-87.673308,19,1380067200,1275
"309",331,"Halsted St & Blackhawk St (*)","Chicago",41.908537,-87.648627,20,1380067200,7181
"310",332,"Halsted St & Diversey Pkwy","Chicago",41.933666,-87.648959,19,1380067200,6128
"311",333,"Ashland Ave & Blackhawk St","Chicago",41.907066,-87.667252,15,1380067200,3609
"312",334,"Lake Shore Dr & Belmont Ave","Chicago",41.940775,-87.639192,19,1380153600,11336
"313",335,"Calumet Ave & 35th St","Chicago",41.831379,-87.618034,15,1380153600,914
"314",336,"Cottage Grove Ave & 47th St","Chicago",41.809855,-87.606755,15,1380153600,637
"315",337,"Clark St & Chicago Ave","Chicago",41.896544,-87.630931,19,1380153600,6191
"316",338,"Calumet Ave & 18th St","Chicago",41.857611,-87.619407,15,1380153600,5538
"317",339,"Emerald Ave & 31st St","Chicago",41.838198,-87.645143,11,1380240000,1622
"318",340,"Clark St & Wrightwood Ave","Chicago",41.929546,-87.643118,15,1380585600,9093
"319",341,"Adler Planetarium","Chicago",41.866095,-87.607267,35,1380758400,14555
"320",342,"Wolcott Ave & Polk St","Chicago",41.871262,-87.673688,15,1380758400,4519
"321",343,"Racine Ave & Wrightwood Ave","Chicago",41.928887,-87.658971,15,1380758400,3064
"322",344,"Ravenswood Ave & Lawrence Ave","Chicago",41.96909,-87.674237,39,1380758400,7377
"323",345,"Lake Park Ave & 56th St","Chicago",41.793242,-87.587782,19,1380844800,2575
"324",346,"Ada St & Washington Blvd","Chicago",41.88283,-87.661206,15,1380844800,4809
"325",347,"Ashland Ave & Grace St","Chicago",41.950687,-87.6687,15,1380844800,2630
"326",348,"California Ave & 21st St","Chicago",41.854016,-87.695445,15,1381276800,439
"327",349,"Halsted St & Wrightwood Ave","Chicago",41.929143,-87.649077,15,1381363200,6158
"328",350,"Ashland Ave & Chicago Ave","Chicago",41.895966,-87.667747,15,1381363200,4390
"329",351,"Cottage Grove Ave & 51st St","Chicago",41.803038,-87.606615,15,1381363200,326
"330",352,"Jeffery Blvd & 67th St","Chicago",41.77351755125,-87.5771428255,15,1382918400,260
"331",353,"Clark St & Touhy Ave","Chicago",42.01256011541,-87.6743671152,15,1388448000,251
"332",354,"Sheridan Rd & Greenleaf Ave","Chicago",42.01058656284,-87.6624120948,15,1388448000,1379
"333",355,"South Shore Dr & 67th St","Chicago",41.773643,-87.567514,19,1389225600,288
"334",356,"Stony Island Ave & 71st St","Chicago",41.7664929373,-87.5864608775,11,1394582400,127
"335",359,"Larrabee St & Division St","Chicago",41.90348607004,-87.6433534936,23,1398124800,5659
"336",364,"Larrabee St & Oak St","Chicago",41.90021949323,-87.6429854676,19,1422576000,4626
"337",365,"Halsted St & North Branch St","Chicago",41.89936843921,-87.6484798752,15,1422576000,1588
"338",366,"Loomis St & Archer Ave","Chicago",41.84163253965,-87.6574349533,15,1422576000,626
"339",367,"Racine Ave & 35th St","Chicago",41.83069611252,-87.6559759116,15,1422576000,505
"340",368,"Ashland Ave & Archer Ave","Chicago",41.83920868403,-87.6656098589,15,1422576000,235
"341",369,"Wood St & 35th St","Chicago",41.83010465416,-87.6702983089,11,1422576000,198
"342",370,"Calumet Ave & 21st St","Chicago",41.85418424947,-87.6191537415,15,1422576000,2269
"343",373,"Kedzie Ave & Chicago Ave","Chicago",41.89546530305,-87.7061278837,15,1422576000,376
"344",374,"Western Ave & Walton St","Chicago",41.89841768945,-87.6865960164,15,1422576000,3142
"345",375,"Sacramento Blvd & Franklin Blvd","Chicago",41.889727,-87.70103,11,1422576000,167
"346",376,"Artesian Ave & Hubbard St","Chicago",41.88949181977,-87.6882193648,35,1422576000,2758
"347",377,"Kedzie Ave & Lake St","Chicago",41.88460328501,-87.7063037436,19,1422576000,584
"348",378,"California Ave & Lake St","Chicago",41.88445395657,-87.6962981368,15,1422576000,387
"349",381,"Western Ave & Monroe St","Chicago",41.8797877089,-87.686112808,15,1422576000,633
"350",382,"Western Ave & Congress Pkwy","Chicago",41.87474885079,-87.6864452757,19,1422576000,795
"351",383,"Ashland Ave & Harrison St","Chicago",41.87429061424,-87.6672456361,23,1422576000,2304
"352",384,"Halsted St & 51st St","Chicago",41.80183164049,-87.645213904,11,1422576000,8
"353",385,"Princeton Ave & Garfield Blvd","Chicago",41.794982,-87.633124,11,1422576000,133
"354",386,"Halsted St & 56th St","Chicago",41.79292964599,-87.6449900565,11,1422576000,20
"355",388,"Halsted St & 63rd St","Chicago",41.77938114228,-87.6446208145,15,1422576000,80
"356",390,"Wentworth Ave & 63rd St","Chicago",41.78007963264,-87.6297463052,11,1422576000,51
"357",391,"Halsted St & 69th St","Chicago",41.76906172032,-87.6446135779,11,1422576000,22
"358",392,"Perry Ave & 69th St","Chicago",41.76929308995,-87.6281959291,11,1422576000,5
"359",393,"Calumet Ave & 71st St","Chicago",41.76550800581,-87.616917925,11,1422576000,7
"360",394,"Clark St & 9th St (AMLI)","Chicago",41.870816,-87.631246,15,1422576000,2801
"361",395,"Jeffery Blvd & 76th St","Chicago",41.75712006802,-87.5758393587,15,1422576000,45
"362",396,"Yates Blvd & 75th St","Chicago",41.758768,-87.56644,11,1422576000,26
"363",397,"Saginaw Ave & Exchange Ave","Chicago",41.75874583706,-87.5601147813,11,1422576000,146
"364",398,"Rainbow Beach","Chicago",41.75787144829,-87.54938625,19,1422576000,76
"365",399,"South Shore Dr & 74th St","Chicago",41.76218896038,-87.55927465,11,1422576000,222
"366",400,"Cottage Grove Ave & 71st St","Chicago",41.76571903697,-87.604959713,11,1422576000,46
"367",401,"Shields Ave & 28th Pl","Chicago",41.842733,-87.635491,11,1422576000,488
"368",402,"Shields Ave & 31st St","Chicago",41.838464,-87.635406,15,1422576000,945
"369",403,"Wentworth Ave & 33rd St","Chicago",41.83452988563,-87.6318229814,15,1422576000,633
"370",405,"Wentworth Ave & 35th St","Chicago",41.830777,-87.632504,15,1422576000,970
"371",406,"Lake Park Ave & 35th St","Chicago",41.83127423549,-87.6087991946,19,1422576000,1767
"372",407,"State St & Pershing Rd","Chicago",41.82301523798,-87.6265680185,11,1422576000,50
"373",408,"Union Ave & Root St","Chicago",41.819102,-87.643278,11,1422576000,50
"374",409,"Shields Ave & 43rd St","Chicago",41.81620767856,-87.6348193497,11,1422576000,19
"375",410,"Prairie Ave & 43rd St","Chicago",41.81665889302,-87.6194124619,19,1422576000,251
"376",411,"Halsted St & 47th Pl","Chicago",41.80813391481,-87.6456165545,11,1422576000,117
"377",412,"Princeton Ave & 47th St","Chicago",41.80931770924,-87.633449288,11,1422576000,81
"378",413,"Woodlawn Ave & Lake Park Ave","Chicago",41.81409271048,-87.5970051479,15,1422576000,737
"379",414,"Canal St & Taylor St","Chicago",41.870257,-87.639474,15,1422576000,3769
"380",415,"Calumet Ave & 51st St","Chicago",41.80229465088,-87.6180535802,15,1422576000,154
"381",416,"Dorchester Ave & 49th St","Chicago",41.805772,-87.592464,15,1422576000,385
"382",417,"Cornell Ave & Hyde Park Blvd","Chicago",41.802406,-87.586924,19,1422576000,2992
"383",418,"Ellis Ave & 53rd St","Chicago",41.79933626261,-87.6009581145,11,1422576000,1491
"384",419,"Lake Park Ave & 53rd St","Chicago",41.79949429373,-87.5864498959,15,1422576000,2459
"385",420,"Ellis Ave & 55th St","Chicago",41.79430062054,-87.6014497734,19,1422576000,2609
"386",421,"MLK Jr Dr & 56th St (*)","Chicago",41.79342945658,-87.6158532619,16,1422576000,130
"387",422,"DuSable Museum","Chicago",41.79156801058,-87.6078521774,15,1422576000,492
"388",423,"University Ave & 57th St","Chicago",41.791478,-87.599861,27,1422576000,5105
"389",424,"Museum of Science and Industry","Chicago",41.79172820953,-87.583945009,27,1422576000,2531
"390",425,"Harper Ave & 59th St","Chicago",41.78794281287,-87.5883151702,15,1422576000,1069
"391",426,"Ellis Ave & 60th St","Chicago",41.78509714636,-87.6010727606,19,1422576000,2871
"392",427,"Cottage Grove Ave & 63rd St","Chicago",41.78059901484,-87.606112388,19,1422576000,274
"393",428,"Dorchester Ave & 63rd St","Chicago",41.7804056457,-87.5914159893,15,1422576000,282
"394",429,"Cottage Grove Ave & 67th St","Chicago",41.77372095205,-87.60563486,11,1422576000,91
"395",430,"MLK Jr Dr & 63rd St","Chicago",41.78008063659,-87.6159428567,15,1422576000,31
"396",431,"Eberhart Ave & 61st St","Chicago",41.78414169317,-87.6133078304,11,1422576000,60
"397",432,"Clark St & Lunt Ave","Chicago",42.009074,-87.67419,19,1422835200,1574
"398",433,"Kedzie Ave & Harrison St","Chicago",41.87359967462,-87.7048707493,11,1423526400,109
"399",434,"Ogden Ave & Roosevelt Rd","Chicago",41.86650148316,-87.68469707,19,1423526400,1380
"400",435,"Kedzie Ave & Roosevelt Rd","Chicago",41.86649278172,-87.7064961757,15,1423526400,222
"401",436,"Fairfield Ave & Roosevelt Rd","Chicago",41.866624,-87.694521,15,1423526400,312
"402",437,"Washtenaw Ave & 15th St (*)","Chicago",41.86148,-87.693374,20,1423526400,320
"403",438,"Central Park Ave & Ogden Ave","Chicago",41.85420431327,-87.7154058381,15,1423526400,96
"404",439,"Kedzie Ave & 21st St","Chicago",41.85353363213,-87.7050730318,11,1423526400,116
"405",440,"Lawndale Ave & 23rd St","Chicago",41.8498819465,-87.7170003853,11,1423526400,22
"406",441,"Kedzie Ave & 24th St","Chicago",41.84819094491,-87.7054137458,11,1423526400,35
"407",442,"California Ave & 23rd Pl","Chicago",41.84910969176,-87.6951398068,15,1423526400,274
"408",443,"Millard Ave & 26th St","Chicago",41.84456684891,-87.7159103081,11,1423526400,138
"409",444,"Albany Ave & 26th St","Chicago",41.84447501366,-87.7020130128,11,1423526400,98
"410",445,"California Ave & 26th St","Chicago",41.84404003127,-87.6952959227,11,1423526400,165
"411",446,"Western Ave & 28th St","Chicago",41.84151770807,-87.6851314409,11,1423526400,72
"412",447,"Glenwood Ave & Morse Ave","Chicago",42.00797192287,-87.6655023944,15,1423526400,2015
"413",448,"Warren Park East","Chicago",42.00454962194,-87.6806661451,15,1423526400,374
"414",449,"Clark St & Columbia Ave","Chicago",42.00445062934,-87.6724024047,15,1423526400,988
"415",450,"Warren Park West","Chicago",42.0020072639,-87.6897262325,15,1423526400,412
"416",451,"Sheridan Rd & Loyola Ave","Chicago",42.00104377979,-87.6611982433,15,1423526400,2238
"417",452,"Western Ave & Granville Ave","Chicago",41.99416136902,-87.689438282,15,1423526400,445
"418",453,"Clark St & Schreiber Ave","Chicago",41.99925182186,-87.6713773393,15,1423526400,908
"419",454,"Broadway & Granville Ave","Chicago",41.9947796884,-87.6602845349,15,1423526400,2590
"420",455,"Maplewood Ave & Peterson Ave","Chicago",41.99023602867,-87.6933696402,15,1423526400,353
"421",456,"2112 W Peterson Ave","Chicago",41.991178,-87.683593,15,1423526400,368
"422",457,"Clark St & Elmdale Ave","Chicago",41.99089374974,-87.6695833982,19,1423526400,1344
"423",458,"Broadway & Thorndale Ave","Chicago",41.98974251144,-87.6601406209,19,1423526400,2361
"424",459,"Lakefront Trail & Bryn Mawr Ave","Chicago",41.98403669612,-87.6523104689,19,1423526400,8135
"425",460,"Clark St & Bryn Mawr Ave","Chicago",41.983593,-87.669154,15,1423526400,2372
"426",461,"Broadway & Ridge Ave","Chicago",41.9840446107,-87.6602738295,15,1423526400,2380
"427",462,"Ravenswood Ave & Balmoral Ave","Chicago",41.97977021745,-87.6758147283,15,1423526400,1287
"428",463,"Clark St & Berwyn Ave","Chicago",41.9779966544,-87.6680471047,19,1423526400,4070
"429",464,"Damen Ave & Foster Ave","Chicago",41.97561480459,-87.6794590387,15,1423526400,2047
"430",465,"Marine Dr & Ainslie St","Chicago",41.9716,-87.650154,23,1423526400,3316
"431",466,"Ridge Blvd & Touhy Ave","Chicago",42.01213227742,-87.6829126443,15,1423526400,379
"432",467,"Western Ave & Lunt Ave","Chicago",42.0085943972,-87.6904922389,15,1423526400,419
"433",468,"Budlong Woods Library","Chicago",41.98366470886,-87.6964225611,15,1423526400,370
"434",469,"St. Louis Ave & Balmoral Ave","Chicago",41.98039423475,-87.7161149615,15,1423526400,591
"435",470,"Kedzie Ave & Foster Ave","Chicago",41.975672,-87.709261,15,1423526400,472
"436",471,"Francisco Ave & Foster Ave","Chicago",41.97563272521,-87.7014194389,15,1423526400,944
"437",472,"Lincoln Ave & Winona St","Chicago",41.97491129677,-87.6925025594,15,1423526400,753
"438",474,"Christiana Ave & Lawrence Ave","Chicago",41.96835449363,-87.7118306675,15,1423526400,831
"439",475,"Washtenaw Ave & Lawrence Ave","Chicago",41.96871106859,-87.6961695698,15,1423526400,887
"440",476,"Kedzie Ave & Leland Ave","Chicago",41.96668636205,-87.7080519806,15,1423526400,642
"441",477,"Manor Ave & Leland Ave","Chicago",41.96631752876,-87.7010826773,11,1423526400,647
"442",478,"Rockwell St & Eastwood Ave","Chicago",41.96590013976,-87.6936384935,15,1423526400,1634
"443",479,"Drake Ave & Montrose Ave","Chicago",41.96115407569,-87.7165690733,11,1423526400,843
"444",480,"Albany (Kedzie) Ave & Montrose Ave","Chicago",41.961041,-87.705866,15,1423526400,787
"445",481,"California Ave & Montrose Ave","Chicago",41.961068,-87.695439,15,1423526400,765
"446",482,"Campbell Ave & Montrose Ave","Chicago",41.96152593287,-87.6911650414,15,1423526400,1418
"447",483,"Avondale Ave & Irving Park Rd","Chicago",41.953393,-87.732002,19,1423526400,887
"448",484,"Monticello Ave & Irving Park Rd","Chicago",41.95400483876,-87.7191281797,15,1423526400,766
"449",485,"Sawyer Ave & Irving Park Rd","Chicago",41.95358617895,-87.7093107999,15,1423526400,603
"450",486,"Oakley Ave & Irving Park Rd","Chicago",41.95434085219,-87.6860796243,15,1423526400,1399
"451",487,"California Ave & Byron St","Chicago",41.95216219326,-87.698051113,19,1423526400,655
"452",488,"Pulaski Rd & Eddy St","Chicago",41.94563644092,-87.7277368138,11,1423526400,171
"453",489,"Drake Ave & Addison St","Chicago",41.947326,-87.717582,15,1423526400,727
"454",490,"Troy St & Elston Ave","Chicago",41.94524356848,-87.7066499009,15,1423526400,1276
"455",491,"Talman Ave & Addison St","Chicago",41.9466358306,-87.694614758,15,1423526400,1347
"456",492,"Leavitt St & Addison St","Chicago",41.946655,-87.683359,15,1423526400,1227
"457",493,"Oakley Ave & Roscoe St","Chicago",41.942916,-87.685801,15,1423526400,1826
"458",494,"Kedzie Ave & Bryn Mawr Ave","Chicago",41.98239708485,-87.7089225202,15,1423526400,269
"459",495,"Keystone Ave & Montrose Ave","Chicago",41.96110801623,-87.7289701012,15,1423526400,336
"460",496,"Avers Ave & Belmont Ave","Chicago",41.939364,-87.722247,11,1423526400,689
"461",497,"Kimball Ave & Belmont Ave","Chicago",41.939398,-87.711561,23,1423526400,1144
"462",498,"California Ave & Fletcher St","Chicago",41.93842879148,-87.698007756,19,1423526400,1019
"463",499,"Kosciuszko Park","Chicago",41.93058537138,-87.7237773635,15,1423526400,850
"464",500,"Central Park Ave & Elbridge Ave","Chicago",41.93533728263,-87.7168892935,15,1423526400,592
"465",501,"Richmond St & Diversey Ave","Chicago",41.93190196886,-87.7011951301,15,1423526400,1446
"466",502,"California Ave & Altgeld St","Chicago",41.92669,-87.697668,15,1423526400,1392
"467",503,"Drake Ave & Fullerton Ave","Chicago",41.924398819,-87.7154410355,15,1423526400,1369
"468",504,"Campbell Ave & Fullerton Ave","Chicago",41.92463247165,-87.6893070063,15,1423526400,1935
"469",505,"Winchester Ave & Elston Ave","Chicago",41.92409085038,-87.6764600747,15,1423526400,1186
"470",506,"Spaulding Ave & Armitage Ave","Chicago",41.91718375155,-87.7103566522,15,1423526400,2043
"471",507,"Humboldt Blvd & Armitage Ave","Chicago",41.91751339399,-87.7018089555,19,1423526400,3021
"472",508,"Central Park Ave & North Ave","Chicago",41.90965687563,-87.7166319516,15,1423526400,756
"473",509,"Troy St & North Ave","Chicago",41.90976930169,-87.7052804871,15,1423526400,1167
"474",510,"Spaulding Ave & Division St","Chicago",41.90270659438,-87.709219571,15,1423526400,572
"475",511,"Albany Ave & Bloomingdale Ave","Chicago",41.91402671273,-87.705126462,15,1423526400,3050
"476",514,"Ridge Blvd & Howard St","Chicago",42.019276,-87.68452,15,1463011200,255
"477",515,"Paulina St & Howard St","Chicago",42.019159,-87.673573,23,1463011200,1176
"478",517,"Clark St & Jarvis Ave","Chicago",42.015963,-87.675005,15,1463011200,588
"479",518,"Conservatory Dr & Lake St","Chicago",41.885502,-87.716866,15,1464048000,367
"480",519,"Wolcott Ave & Fargo Ave","Chicago",42.016977,-87.677725,11,1464048000,156
"481",520,"Greenview Ave & Jarvis Ave","Chicago",42.015962,-87.66857,23,1464048000,1387
"482",522,"Bosworth Ave & Howard St","Chicago",42.019537,-87.669563,15,1464048000,475
"483",523,"Eastlake Ter & Rogers Ave","Chicago",42.021019,-87.665086,15,1464048000,1432
"484",524,"Austin Blvd & Chicago Ave","Chicago",41.894887,-87.774704,11,1464048000,164
"485",525,"Glenwood Ave & Touhy Ave","Chicago",42.012701,-87.666058,15,1464048000,295
"486",526,"Oakley Ave & Touhy Ave","Chicago",42.012342,-87.688243,15,1464048000,195
"487",527,"Western Ave & Howard St","Chicago",42.018901,-87.690048,19,1464048000,260
"488",528,"Pulaski Rd & Lake St","Chicago",41.885409,-87.726491,15,1464048000,164
"489",529,"Cicero Ave & Lake St","Chicago",41.886841,-87.745261,15,1464307200,27
"490",530,"Laramie Ave & Kinzie St","Chicago",41.887832,-87.755527,15,1464307200,21
"491",531,"Central Ave & Lake St","Chicago",41.887664,-87.765469,15,1464307200,41
"492",532,"Austin Blvd & Lake St","Chicago",41.887919,-87.774446,15,1464307200,136
"493",533,"Central Park Blvd & 5th Ave","Chicago",41.875679,-87.71547,15,1464307200,64
"494",534,"Pulaski Rd & Madison St","Chicago",41.880827,-87.726279,15,1464307200,78
"495",535,"Pulaski Rd & Congress Pkwy","Chicago",41.874325,-87.725704,15,1464307200,56
"496",536,"Kostner Ave & Lake St","Chicago",41.885928,-87.73541,15,1464307200,36
"497",537,"Kenton Ave & Madison St","Chicago",41.880708,-87.741018,15,1464307200,13
"498",538,"Cicero Ave & Flournoy St","Chicago",41.872131,-87.746619,15,1464307200,9
"499",539,"Cicero Ave & Quincy St","Chicago",41.877613,-87.745405,15,1464307200,26
"500",540,"Laramie Ave & Madison St","Chicago",41.880207,-87.755337,15,1464307200,34
"501",541,"Central Ave & Harrison St","Chicago",41.872993,-87.764499,15,1464307200,78
"502",542,"Central Ave & Madison St","Chicago",41.880121,-87.763238,15,1464307200,88
"503",543,"Laramie Ave & Gladys Ave","Chicago",41.875806,-87.755285,15,1464307200,34
"504",544,"Mason Ave & Madison St","Chicago",41.87998,-87.773264,15,1464307200,60
"505",545,"Kostner Ave & Adams St","Chicago",41.877917,-87.735737,15,1464307200,17
"506",546,"Damen Ave & Pershing Rd","Chicago",41.823192,-87.676597,11,1464307200,110
"507",547,"Ashland Ave & Pershing Rd","Chicago",41.823465,-87.665577,11,1464307200,95
"508",548,"Morgan St & Pershing Rd","Chicago",41.823613,-87.650931,11,1464307200,10
"509",549,"Marshfield Ave & 44th St","Chicago",41.813996,-87.666589,11,1464307200,20
"510",550,"Central Ave & Chicago Ave","Chicago",41.894958,-87.764902,11,1464307200,47
"511",551,"Hoyne Ave & 47th St","Chicago",41.808227,-87.67718,11,1464307200,41
"512",552,"Ashland Ave & McDowell Ave","Chicago",41.80887,-87.66454,11,1464307200,147
"513",553,"Elizabeth St & 47th St","Chicago",41.80839,-87.656526,11,1464307200,38
"514",554,"Damen Ave & 51st St","Chicago",41.800908,-87.674684,11,1464307200,53
"515",555,"Ashland Ave & 50th St","Chicago",41.803023,-87.664699,11,1464307200,37
"516",556,"Throop St & 52nd St","Chicago",41.799659,-87.657195,11,1464307200,4
"517",557,"Seeley Ave & Garfield Blvd","Chicago",41.794087,-87.675478,11,1464307200,4
"518",558,"Ashland Ave & Garfield Blvd","Chicago",41.792822,-87.664429,11,1464307200,1
"519",559,"Racine Ave & Garfield Blvd","Chicago",41.794694,-87.654947,11,1464307200,7
"520",560,"Marshfield Ave & 59th St","Chicago",41.786833,-87.666215,11,1464307200,14
"521",561,"Damen Ave & 59th St","Chicago",41.78602,-87.674167,11,1464307200,22
"522",562,"Racine Ave & 61st St","Chicago",41.783189,-87.654372,11,1464307200,6
"523",563,"Ashland Ave & 63rd St","Chicago",41.779374,-87.664843,15,1464307200,18
"524",564,"Racine Ave & 65th St","Chicago",41.775393,-87.654308,11,1464307200,6
"525",565,"Ashland Ave & 66th St","Chicago",41.774074,-87.663815,11,1464307200,2
"526",566,"Ashland Ave & 69th St","Chicago",41.768726,-87.664069,11,1464307200,8
"527",567,"May St & 69th St","Chicago",41.768938,-87.652934,11,1464307200,3
"528",568,"Normal Ave & 72nd St","Chicago",41.763462,-87.637297,11,1464307200,10
"529",569,"Woodlawn Ave & 75th St","Chicago",41.75916,-87.595751,15,1464307200,12
"530",570,"Evans Ave & 75th St","Chicago",41.758308,-87.606685,11,1464307200,12
"531",571,"Vernon Ave & 75th St","Chicago",41.758361,-87.614138,11,1464307200,29
"532",572,"State St & 76th St","Chicago",41.756971,-87.624621,11,1464307200,3
"533",573,"State St & 79th St","Chicago",41.750794,-87.624424,15,1464307200,36
"534",574,"Vernon Ave & 79th St","Chicago",41.750951,-87.613783,11,1464307200,10
"535",575,"Cottage Grove Ave & 78th St","Chicago",41.753174,-87.605026,11,1464307200,37
"536",576,"Greenwood Ave & 79th St","Chicago",41.751294,-87.597552,15,1464307200,10
"537",577,"Stony Island Ave & South Chicago Ave","Chicago",41.751173,-87.585337,11,1464307200,24
"538",579,"Phillips Ave & 79th St","Chicago",41.75182,-87.565211,11,1464307200,4
"539",580,"Exchange Ave & 79th St","Chicago",41.751731,-87.552812,15,1464307200,13
"540",581,"Commercial Ave & 83rd St","Chicago",41.744607,-87.551201,15,1464307200,15
"541",582,"Phillips Ave & 82nd St","Chicago",41.746334,-87.564725,11,1464307200,5
"542",583,"Stony Island Ave & 82nd St","Chicago",41.746559,-87.586005,11,1464307200,29
"543",584,"Ellis Ave & 83rd St","Chicago",41.744123,-87.599034,15,1464307200,13
"544",585,"Cottage Grove Ave & 83rd St","Chicago",41.744053,-87.604786,11,1464307200,19
"545",586,"MLK Jr Dr & 83rd St","Chicago",41.743116,-87.6148,11,1464307200,29
"546",587,"Wabash Ave & 83rd St","Chicago",41.743316,-87.622849,11,1464307200,37
"547",588,"South Chicago Ave & 83rd St","Chicago",41.743921,-87.575225,11,1464307200,8
"548",589,"Milwaukee Ave & Cuyler Ave","Chicago",41.954468,-87.749594,15,1464307200,167
"549",590,"Kilbourn Ave & Irving Park Rd","Chicago",41.953733,-87.740569,15,1464307200,395
"550",591,"Kilbourn Ave & Milwaukee Ave","Chicago",41.948818,-87.74002,23,1464307200,303
"551",592,"Knox Ave & Montrose Ave","Chicago",41.960631,-87.745359,15,1464307200,252
"552",593,"Halsted St & 59th St","Chicago",41.787539,-87.644874,11,1464307200,2
"553",594,"Western Blvd & 48th Pl","Chicago",41.805661,-87.683392,15,1464307200,76
"554",595,"Wabash Ave & 87th St","Chicago",41.736646,-87.622634,15,1464307200,5
"555",596,"Benson Ave & Church St","Evanston",42.048214,-87.683485,15,1465862400,2927
"556",597,"Chicago Ave & Washington St","Evanston",42.032562,-87.679101,15,1465862400,1743
"557",598,"Elmwood Ave & Austin St","Evanston",42.025784,-87.684107,15,1465862400,339
"558",599,"Valli Produce - Evanston Plaza","Evanston",42.039742,-87.699413,15,1465862400,255
"559",600,"Dodge Ave & Church St","Evanston",42.048308,-87.698224,15,1465862400,466
"560",601,"Central St Metra","Evanston",42.063598,-87.69873,15,1465862400,596
"561",602,"Central St & Girard Ave","Evanston",42.063999,-87.685962,15,1465862400,631
"562",603,"Chicago Ave & Sheridan Rd","Evanston",42.050491,-87.677821,15,1465862400,1677
"563",604,"Sheridan Rd & Noyes St (NU)","Evanston",42.058239,-87.677432,15,1465862400,2022
"564",605,"University Library (NU)","Evanston",42.052939,-87.673447,15,1465862400,1767
"565",606,"Forest Ave & Chicago Ave","Oak Park",41.894355,-87.80022,19,1466640000,937
"566",607,"Cuyler Ave & Augusta St","Oak Park",41.898168,-87.783055,11,1466640000,493
"567",608,"Humphrey Ave & Ontario St","Oak Park",41.890249,-87.778281,11,1466640000,153
"568",609,"Forest Ave & Lake St","Oak Park",41.88891,-87.800255,15,1466640000,772
"569",610,"Marion St & South Blvd","Oak Park",41.88681,-87.80287,19,1466640000,1078
"570",611,"Oak Park Ave & South Blvd","Oak Park",41.886923,-87.793899,19,1466640000,631
"571",612,"Ridgeland Ave & Lake St","Oak Park",41.888085,-87.785236,15,1466640000,586
"572",613,"Wisconsin Ave & Madison St","Oak Park",41.879837,-87.80224,11,1466640000,640
"573",614,"East Ave & Madison St","Oak Park",41.880113,-87.789247,15,1466640000,316
"574",615,"Lombard Ave & Madison St","Oak Park",41.87981,-87.779425,15,1466640000,298
"575",616,"Oak Park Ave & Harrison St","Oak Park",41.872987,-87.793945,19,1466640000,458
"576",617,"East Ave & Garfield St","Oak Park",41.871312,-87.788938,19,1466640000,303
"577",618,"Lombard Ave & Garfield St","Oak Park",41.870699,-87.778797,19,1466640000,316
"578",619,"Keystone Ave & Fullerton Ave","Chicago",41.924361,-87.727752,15,1467849600,505
"579",620,"Orleans St & Chestnut St (NEXT Apts)","Chicago",41.898203,-87.637536,15,1467849600,2075
"580",622,"California Ave & Cortez St","Chicago",41.900363,-87.696704,0,1493251200,1197
"581",623,"Michigan Ave & 8th St","Chicago",41.872773,-87.623981,23,1497312000,1908
