id,name,city,latitude,longitude,dpcapacity,online_date,totaltrips
2,Buckingham Fountain,Chicago,41.88106,-87.619486,27,6/10/2013 10:43:46,9849
3,Shedd Aquarium,Chicago,41.86722595682,-87.6153553902,31,6/10/2013 10:44:48,19663
4,Burnham Harbor,Chicago,41.856268,-87.613348,23,6/10/2013 10:46:02,16508
5,State St & Harrison St,Chicago,41.874053,-87.627716,23,6/10/2013 10:46:54,4812
6,Dusable Harbor,Chicago,41.88504199232,-87.6127945394,39,6/10/2013 11:18:52,14902
7,Field Blvd & South Water St,Chicago,41.88634906269,-87.6175165471,19,6/19/2013 10:00:21,6182
9,Leavitt St & Archer Ave,Chicago,41.82879201994,-87.6806044594,19,6/21/2013 09:33:32,466
11,Jeffery Blvd & 71st St,Chicago,41.76663823695,-87.5764501141,11,6/21/2013 09:39:15,161
12,South Shore Dr & 71st St,Chicago,41.7664094567,-87.5656875719,15,6/21/2013 10:00:22,548
13,Wilton Ave & Diversey Pkwy,Chicago,41.932418,-87.652705,27,6/22/2013 18:29:48,7257
14,Morgan St & 18th St,Chicago,41.858086,-87.651073,15,6/22/2013 18:33:34,2182
15,Racine Ave & 18th St,Chicago,41.858166,-87.656495,15,6/22/2013 18:35:45,2604
16,Paulina Ave & North Ave,Chicago,41.910337,-87.670072,15,6/22/2013 18:55:29,4433
17,Wood St & Division St,Chicago,41.90332,-87.67273,15,6/22/2013 18:58:29,4201
18,Wacker Dr & Washington St,Chicago,41.88327159253,-87.6373132869,19,6/22/2013 19:00:47,9689
19,Loomis St & Taylor St (*),Chicago,41.869417,-87.660996,16,6/22/2013 19:03:02,4357
20,Sheffield Ave & Kingsbury St,Chicago,41.910522,-87.653106,15,6/22/2013 19:04:58,5746
21,Aberdeen St & Jackson Blvd,Chicago,41.87772613,-87.65478743,15,6/22/2013 19:07:12,4851
22,May St & Taylor St,Chicago,41.8694821,-87.6554864,15,6/22/2013 19:09:14,4324
23,Orleans St & Elm St (*),Chicago,41.902924,-87.637715,16,6/22/2013 20:20:34,2319
24,Fairbanks Ct & Grand Ave,Chicago,41.89186,-87.62062,15,6/22/2013 20:23:31,12248
25,Michigan Ave & Pearson St,Chicago,41.89766,-87.62351,23,6/22/2013 20:26:32,7419
26,McClurg Ct & Illinois St,Chicago,41.89102,-87.6173,31,6/22/2013 20:28:13,16661
27,Larrabee St & North Ave,Chicago,41.91021,-87.6435,19,6/22/2013 20:31:48,2686
28,Larrabee St & Menomonee St,Chicago,41.91468,-87.64332,15,6/22/2013 20:38:05,3573
29,Noble St & Milwaukee Ave,Chicago,41.90068,-87.6626,15,6/22/2013 20:52:28,4683
30,Ashland Ave & Augusta Blvd,Chicago,41.899643,-87.6677,15,6/22/2013 20:54:40,3397
31,Franklin St & Chicago Ave,Chicago,41.896776,-87.635633,23,6/22/2013 20:58:44,7882
32,Racine Ave & Congress Pkwy,Chicago,41.87464,-87.65703,19,6/22/2013 21:00:28,3148
33,State St & Van Buren St,Chicago,41.877181,-87.627844,27,6/22/2013 21:06:44,8252
34,Cannon Dr & Fullerton Ave,Chicago,41.9267559875,-87.6344287848,15,6/22/2013 21:09:55,6247
35,Streeter Dr & Grand Ave,Chicago,41.892278,-87.612043,47,6/22/2013 21:12:15,65574
36,Franklin St & Jackson Blvd,Chicago,41.8777079559,-87.6353211408,31,6/24/2013 23:34:38,12687
37,Dearborn St & Adams St,Chicago,41.8793563587,-87.6297910363,19,6/25/2013 01:12:23,8455
38,Clark St & Lake St,Chicago,41.88602082773,-87.6308760584,27,6/25/2013 01:43:12,8998
39,Wabash Ave & Adams St,Chicago,41.87947235235,-87.6256886059,23,6/25/2013 01:44:07,6769
40,LaSalle St & Adams St,Chicago,41.87934437346,-87.6319852213,15,6/25/2013 01:44:12,8202
41,Federal St & Polk St,Chicago,41.87207763285,-87.6295437729,19,6/25/2013 01:44:18,7438
42,Wabash Ave & Cermak Rd,Chicago,41.852619,-87.626488,11,6/25/2013 07:38:55,1757
43,Michigan Ave & Washington St,Chicago,41.8838927658,-87.6246491409,43,6/25/2013 10:57:46,21295
44,State St & Randolph St,Chicago,41.8847302006,-87.6277335692,27,6/25/2013 10:59:05,9924
45,Michigan Ave & Congress Pkwy,Chicago,41.876243,-87.624426,15,6/25/2013 11:01:27,5909
46,Wells St & Walton St,Chicago,41.89993001,-87.63443007,19,6/25/2013 11:03:15,3982
47,State St & Kinzie St,Chicago,41.889187,-87.627754,31,6/25/2013 11:04:38,11654
48,Larrabee St & Kingsbury St,Chicago,41.897764,-87.642884,39,6/25/2013 11:20:37,11812
49,Dearborn St & Monroe St,Chicago,41.881319815,-87.6295209193,27,6/25/2013 11:21:41,11204
50,Clark St & Congress Pkwy,Chicago,41.8759326655,-87.6305845355,27,6/25/2013 11:23:39,6549
51,Clark St & Randolph St,Chicago,41.884576228,-87.63188991,31,6/25/2013 11:24:53,8872
52,Michigan Ave & Lake St,Chicago,41.886024,-87.624117,31,6/25/2013 11:25:55,13622
53,Wells St & Huron St,Chicago,41.894729,-87.634371,27,6/25/2013 11:27:09,9396
54,Ogden Ave & Chicago Ave,Chicago,41.896362458,-87.6540612729,19,6/25/2013 11:28:47,5253
55,Halsted St & Roosevelt Rd,Chicago,41.867324,-87.648625,23,6/25/2013 11:33:51,2211
56,Desplaines St & Kinzie St,Chicago,41.888716036,-87.6444478533,27,6/25/2013 11:50:53,10564
57,Clinton St & Roosevelt Rd,Chicago,41.8671177825,-87.6410879593,15,6/25/2013 11:54:47,4447
58,Marshfield Ave & Cortland St,Chicago,41.916017,-87.668879,23,6/25/2013 11:57:51,10759
59,Wabash Ave & Roosevelt Rd,Chicago,41.867227,-87.625961,23,6/25/2013 12:06:41,13551
60,Dayton St & North Ave,Chicago,41.9105780349,-87.6494219288,19,6/25/2013 12:08:04,6547
61,Wood St & Milwaukee Ave,Chicago,41.907655,-87.672552,19,6/25/2013 12:09:07,6916
62,McCormick Place,Chicago,41.8513751729,-87.6188346489,27,6/25/2013 12:13:09,4832
66,Clinton St & Lake St,Chicago,41.885637,-87.641823,23,6/25/2013 12:21:32,12069
67,Sheffield Ave & Fullerton Ave,Chicago,41.9256018819,-87.6537080423,19,6/25/2013 12:23:48,9576
68,Clinton St & Tilden St,Chicago,41.875885,-87.640795,23,6/25/2013 12:52:06,4237
69,Damen Ave & Pierce Ave,Chicago,41.9093960065,-87.6776919292,19,6/25/2013 12:53:32,11198
71,Morgan St & Lake St,Chicago,41.8854833079,-87.6523048564,23,6/25/2013 12:55:12,9129
72,Wabash Ave & 16th St,Chicago,41.860384,-87.625813,31,6/25/2013 12:56:47,5934
73,Jefferson St & Monroe St,Chicago,41.880422,-87.642746,19,6/25/2013 13:08:15,5397
74,Kingsbury St & Erie St,Chicago,41.893882,-87.641711,23,6/26/2013 12:19:56,10929
75,Canal St & Jackson Blvd,Chicago,41.877245,-87.639366,31,6/26/2013 15:21:54,17174
76,Lake Shore Dr & Monroe St,Chicago,41.880958,-87.616743,39,6/26/2013 15:26:11,36722
77,Clinton St & Madison St,Chicago,41.882242,-87.641066,31,6/26/2013 15:27:12,25987
80,Aberdeen St & Madison (Monroe) St,Chicago,41.881567,-87.655056,19,6/26/2013 19:00:18,5743
81,Daley Center Plaza,Chicago,41.884241,-87.629634,39,6/26/2013 19:02:13,17288
84,Milwaukee Ave & Grand Ave,Chicago,41.891578,-87.648384,19,6/26/2013 19:14:29,6735
85,Michigan Ave & Oak St,Chicago,41.90096039,-87.62377664,23,6/26/2013 19:18:12,25880
86,Eckhart Park,Chicago,41.89637337,-87.66098386,19,6/26/2013 19:32:25,3737
87,Racine Ave & Fullerton Ave,Chicago,41.92556258,-87.65840426,19,6/26/2013 19:36:13,4613
88,Racine Ave & Randolph St,Chicago,41.884069,-87.656853,19,6/26/2013 19:44:56,3916
89,Financial Pl & Congress Pkwy,Chicago,41.87500913494,-87.6331058189,31,6/26/2013 19:47:26,6355
90,Millennium Park,Chicago,41.8810317,-87.62408432,35,6/26/2013 19:51:57,24938
91,Clinton St & Washington Blvd,Chicago,41.88338,-87.64117,31,6/26/2013 23:39:44,26960
92,Carpenter St & Huron St,Chicago,41.894556,-87.653449,19,6/27/2013 08:58:55,3054
93,Sheffield Ave & Willow St,Chicago,41.913688,-87.652855,15,6/27/2013 11:41:25,5322
94,Clark St & Armitage Ave,Chicago,41.918306,-87.636282,31,6/27/2013 12:33:54,14514
95,Stony Island Ave & 64th St,Chicago,41.77870057128,-87.5867876179,15,6/27/2013 13:58:11,107
96,Desplaines St & Randolph St,Chicago,41.88461618962,-87.6445705849,23,6/28/2013 10:47:08,5469
97,Field Museum,Chicago,41.865312,-87.617867,51,6/30/2013 13:25:23,7966
98,LaSalle St & Washington St,Chicago,41.882664,-87.63253,15,7/15/2013 14:41:02,8795
99,Lake Shore Dr & Ohio St,Chicago,41.89257,-87.614492,19,7/15/2013 15:12:09,10513
100,Orleans St & Merchandise Mart Plaza,Chicago,41.888243,-87.63639,31,7/15/2013 17:26:19,16074
101,63rd St Beach,Chicago,41.78101637196,-87.5761197602,23,7/16/2013 01:27:50,816
102,Stony Island Ave & 67th St,Chicago,41.77345849948,-87.5853397391,11,7/16/2013 01:28:00,130
103,Clinton St & Polk St (*),Chicago,41.87146651779,-87.6409491327,16,7/18/2013 15:51:56,1233
106,State St & Pearson St,Chicago,41.897448,-87.628722,27,7/18/2013 15:59:44,6724
107,Desplaines St & Jackson Blvd,Chicago,41.878287,-87.643909,23,7/18/2013 16:39:18,4542
108,Halsted St & Polk St,Chicago,41.87184,-87.64664,19,7/18/2013 16:41:10,4718
109,900 W Harrison St,Chicago,41.874675,-87.650019,19,7/18/2013 16:45:02,2790
110,Dearborn St & Erie St,Chicago,41.893992,-87.629318,23,7/18/2013 16:46:48,14163
111,Sedgwick St & Huron St,Chicago,41.894666,-87.638437,19,7/18/2013 16:52:38,4918
112,Green St & Randolph St,Chicago ,41.883668,-87.64867,15,7/18/2013 17:00:04,8503
113,Bissell St & Armitage Ave,Chicago ,41.91844,-87.65222,15,7/18/2013 17:09:35,7961
114,Sheffield Ave & Waveland Ave,Chicago,41.949399,-87.654529,27,7/18/2013 17:17:44,8892
115,Sheffield Ave & Wellington Ave,Chicago,41.936266,-87.652662,23,7/18/2013 17:18:45,6837
116,Western Ave & Winnebago Ave,Chicago,41.91552,-87.687022,15,7/18/2013 17:19:17,4238
117,Wilton Ave & Belmont Ave,Chicago,41.94018,-87.65304,23,7/18/2013 17:20:00,10822
118,Sedgwick St & North Ave,Chicago,41.911386,-87.638677,19,7/18/2013 17:20:42,7310
119,Ashland Ave & Lake St,Chicago,41.88541,-87.66732,19,7/18/2013 17:21:18,2594
120,Wentworth Ave & Archer Ave,Chicago,41.853605,-87.631886,23,7/18/2013 17:21:53,3574
121,Blackstone Ave & Hyde Park Blvd,Chicago,41.802562,-87.590368,19,7/18/2013 17:22:27,1185
122,Ogden Ave & Congress Pkwy,Chicago,41.87501,-87.67328,15,7/18/2013 17:23:07,1271
123,California Ave & Milwaukee Ave,Chicago,41.922695,-87.697153,15,7/18/2013 17:23:40,5513
124,Damen Ave & Cullerton St,Chicago,41.855048,-87.675726,15,7/18/2013 17:24:21,1062
125,Rush St & Hubbard St,Chicago,41.890011,-87.626293,15,7/18/2013 17:53:37,7973
126,Clark St & North Ave,Chicago ,41.911974,-87.631942,15,7/18/2013 17:54:33,7503
127,Lincoln Ave & Fullerton Ave,Chicago ,41.925905,-87.64926,15,7/18/2013 17:55:24,5800
128,Damen Ave & Chicago Ave,Chicago,41.895769,-87.67722,15,7/18/2013 17:55:53,5900
129,Blue Island Ave & 18th St,Chicago ,41.857556,-87.661535,15,7/18/2013 17:56:35,2993
130,Damen Ave & Division St,Chicago ,41.90331,-87.67695,15,7/18/2013 17:57:12,6699
131,Lincoln Ave & Belmont Ave,Chicago ,41.939365,-87.668385,15,7/18/2013 17:57:49,3903
132,Wentworth Ave & 24th St,Chicago ,41.849237,-87.631715,15,7/18/2013 17:58:22,871
133,Kingsbury St & Kinzie St,Chicago,41.88917683258,-87.6385057718,27,7/18/2013 22:47:21,19268
134,Peoria St & Jackson Blvd,Chicago,41.877749,-87.649633,19,7/18/2013 22:48:24,8352
135,Halsted St & 21st St,Chicago,41.85378,-87.64665,11,7/18/2013 22:49:58,832
136,Racine Ave & 13th St,Chicago ,41.865054,-87.656959,15,7/18/2013 22:52:50,558
137,Morgan Ave & 14th Pl,Chicago ,41.862378,-87.651062,15,7/18/2013 22:54:11,2894
138,Clybourn Ave & Division St,Chicago ,41.904613,-87.640552,15,7/18/2013 22:55:07,3616
140,Dearborn Pkwy & Delaware Pl,Chicago ,41.898969,-87.629912,19,7/18/2013 22:56:47,10622
141,Clark St & Lincoln Ave,Chicago ,41.915689,-87.6346,23,7/18/2013 22:57:30,13193
142,McClurg Ct & Erie St,Chicago ,41.894503,-87.617854,31,7/18/2013 22:58:19,9135
143,Sedgwick St & Webster Ave,Chicago ,41.922167,-87.638888,15,7/19/2013 09:19:42,6912
144,Larrabee St & Webster Ave,Chicago ,41.921822,-87.64414,19,7/19/2013 09:20:13,7731
145,Mies van der Rohe Way & Chestnut St,Chicago,41.8985866514,-87.6219152258,19,7/19/2013 09:20:47,9134
146,Loomis St & Jackson Blvd,Chicago ,41.877945,-87.662007,11,7/19/2013 09:21:36,2425
147,Indiana Ave & 26th St,Chicago ,41.845687,-87.622481,15,7/19/2013 09:22:07,1968
148,State St & 33rd St,Chicago ,41.834734,-87.625813,11,7/19/2013 09:22:41,4462
149,Calumet Ave & 33rd St,Chicago ,41.8349,-87.61793,11,7/19/2013 09:23:13,2822
150,Fort Dearborn Dr & 31st St,Chicago ,41.838556,-87.608218,15,7/19/2013 09:23:53,8124
152,Lincoln Ave & Diversey Pkwy,Chicago ,41.932225,-87.658617,15,7/19/2013 09:25:12,4836
153,Southport Ave & Wellington Ave,Chicago ,41.935733,-87.663576,19,7/19/2013 09:34:14,6482
154,Southport Ave & Belmont Ave,Chicago ,41.93949,-87.66378,15,7/19/2013 09:34:49,2804
156,Clark St & Wellington Ave,Chicago ,41.9364968219,-87.6475386582,15,7/19/2013 09:35:56,6850
157,Lake Shore Dr & Wellington Ave,Chicago ,41.936669,-87.636794,15,7/19/2013 09:36:22,9385
158,Milwaukee Ave & Wabansia Ave,Chicago ,41.912616,-87.681391,15,7/19/2013 09:40:25,5191
159,Claremont Ave & Hirsch St,Chicago,41.907781,-87.685854,11,7/19/2013 09:56:47,1829
160,Campbell Ave & North Ave,Chicago,41.910535,-87.689556,15,7/19/2013 09:57:20,1828
161,Rush St & Superior St,Chicago,41.89576474564,-87.6259080327,23,7/19/2013 10:00:11,6995
162,Damen Ave & Wellington Ave,Chicago,41.93588,-87.67842,15,7/19/2013 10:02:00,2226
163,Damen Ave & Clybourn Ave,Chicago,41.931931,-87.677856,15,7/19/2013 10:02:35,2064
164,Franklin St & Lake St,Chicago,41.885837,-87.6355,23,7/19/2013 10:03:02,7177
165,Clark St & Grace St,Chicago,41.95078,-87.659172,19,7/19/2013 10:03:47,3880
166,Ashland Ave & Wrightwood Ave,Chicago ,41.92883,-87.668507,15,7/19/2013 10:07:29,2614
167,Damen Ave & Coulter St,Chicago ,41.8492,-87.67564,11,7/19/2013 10:08:02,232
168,Michigan Ave & 14th St,Chicago ,41.864059,-87.623727,19,7/19/2013 10:08:36,5220
169,Canal St & Harrison St,Chicago ,41.874337,-87.639566,15,7/19/2013 10:09:06,2086
170,Clinton St & 18th St,Chicago,41.85795,-87.640826,15,7/19/2013 11:04:04,1789
171,May St & Cullerton St,Chicago ,41.855136,-87.654127,11,7/19/2013 11:05:15,1072
172,Rush St & Cedar St,Chicago,41.90230870122,-87.627690528,11,7/19/2013 11:05:50,7477
173,Mies van der Rohe Way & Chicago Ave,Chicago ,41.89691,-87.621743,15,7/19/2013 11:07:06,8241
174,Canal St & Madison St,Chicago ,41.882091,-87.639833,27,7/19/2013 11:07:46,17788
175,Wells St & Polk St,Chicago ,41.872596,-87.633502,19,7/19/2013 11:08:18,4586
176,Clark St & Elm St,Chicago ,41.902973,-87.63128,27,7/19/2013 11:08:56,13682
177,Theater on the Lake,Chicago ,41.926277,-87.630834,23,7/19/2013 11:09:45,30093
178,State St & 19th St,Chicago ,41.856594,-87.627542,15,7/19/2013 11:10:45,1767
179,MLK Jr Dr & Oakwood Blvd,Chicago,41.82256,-87.61615,15,7/19/2013 11:12:55,477
180,Ritchie Ct & Banks St,Chicago,41.906782,-87.626402,15,7/19/2013 11:14:24,4767
181,LaSalle St & Illinois St,Chicago,41.890755,-87.632009,31,7/19/2013 11:15:27,14642
182,Wells St & Elm St,Chicago,41.903222,-87.634324,23,7/20/2013 12:38:04,7645
183,Damen Ave & Augusta Blvd,Chicago,41.899113,-87.677212,23,7/20/2013 17:09:09,4611
184,State St & 35th St,Chicago,41.83104,-87.62688,19,7/21/2013 07:52:49,2301
185,Stave St & Armitage Ave,Chicago,41.917741,-87.691392,11,7/26/2013 10:32:39,1334
186,Ogden Ave & Race Ave,Chicago,41.891795,-87.658751,15,7/27/2013 13:03:31,3589
188,Greenview Ave & Fullerton Ave,Chicago,41.92533,-87.6658,15,7/28/2013 14:35:43,3464
190,Southport Ave & Wrightwood Ave,Chicago,41.928773,-87.663913,15,8/5/2013 09:36:46,3855
191,Canal St & Monroe St (*),Chicago,41.880884,-87.639525,28,8/6/2013 13:14:16,8272
192,Canal St & Adams St,Chicago,41.879255,-87.639904,47,8/6/2013 13:27:29,23190
193,State St & 29th St,Chicago,41.841707,-87.626938,15,8/6/2013 14:08:27,522
194,Wabash Ave & Wacker Pl,Chicago,41.886875,-87.62603,19,8/7/2013 14:01:37,8262
195,Columbus Dr & Randolph St,Chicago,41.884728,-87.619521,47,8/7/2013 14:11:34,17612
196,Cityfront Plaza Dr & Pioneer Ct,Chicago,41.890573,-87.622072,19,8/7/2013 16:23:06,6748
197,Michigan Ave & Madison St,Chicago,41.882134,-87.625125,19,8/8/2013 11:27:29,6502
198,Green St & Madison St,Chicago,41.881892,-87.648789,19,8/8/2013 11:47:40,9087
199,Wabash Ave & Grand Ave,Chicago,41.890912,-87.626804,15,8/8/2013 12:26:15,12242
200,MLK Jr Dr & 47th St,Chicago,41.809851,-87.616279,11,8/10/2013 15:31:56,393
201,Indiana Ave & 40th St,Chicago,41.82168,-87.6216,15,8/10/2013 15:47:52,218
202,Halsted St & 18th St,Chicago,41.857499,-87.646277,15,8/12/2013 17:23:13,1826
203,Western Ave & 21st St,Chicago,41.85394,-87.685243,15,8/13/2013 11:55:27,957
204,Prairie Ave & Garfield Blvd,Chicago,41.794853,-87.618691,15,8/13/2013 15:14:35,1001
205,Paulina St & 18th St,Chicago,41.857901,-87.668745,15,8/13/2013 16:01:13,1846
206,Halsted St & Archer Ave,Chicago,41.847203,-87.646795,15,8/14/2013 08:53:24,1069
207,Emerald Ave & 28th St,Chicago,41.84358,-87.645368,15,8/14/2013 10:26:13,691
208,Ashland Ave & 21st St,Chicago,41.85381,-87.665897,15,8/14/2013 13:01:52,1187
209,Normal Ave & Archer Ave,Chicago,41.849527,-87.640591,11,8/14/2013 13:18:54,664
210,Ashland Ave & Division St,Chicago,41.90345,-87.667747,19,8/14/2013 16:30:43,9144
211,St. Clair St & Erie St,Chicago,41.894448,-87.622663,19,8/14/2013 16:32:44,13499
212,Orleans St & Ohio St,Chicago,41.892154,-87.636928,23,8/14/2013 17:16:56,6657
213,Leavitt St & North Ave,Chicago,41.910153,-87.68229,15,8/15/2013 11:42:31,3411
214,Damen Ave & Grand Ave,Chicago,41.89122,-87.67686,23,8/15/2013 11:46:58,3211
215,Damen Ave & Madison St,Chicago,41.88137,-87.67493,15,8/15/2013 14:08:55,1334
216,California Ave & Division St,Chicago,41.903029,-87.697474,15,8/15/2013 14:13:09,1440
217,Racine Ave (May St) & Fulton St,Chicago,41.886926,-87.656919,15,8/15/2013 15:14:03,4160
218,Wells St & 19th St,Chicago,41.856802,-87.633879,11,8/15/2013 16:21:27,815
219,Damen Ave & Cortland St,Chicago,41.916027,-87.677411,19,8/16/2013 11:54:27,5577
220,Hampden Ct & Diversey Pkwy,Chicago,41.93262,-87.642385,23,8/16/2013 11:58:39,7931
222,Milwaukee Ave & Rockwell St,Chicago,41.920195,-87.693033,19,8/16/2013 15:04:55,1593
223,Clifton Ave & Armitage Ave,Chicago,41.918216,-87.656936,15,8/16/2013 16:07:03,4957
224,Halsted St & Willow St,Chicago,41.913778,-87.64884,19,8/16/2013 17:25:17,3912
225,Halsted St & Dickens Ave,Chicago,41.919936,-87.64883,15,8/19/2013 09:23:46,4797
226,Racine Ave & Belmont Ave,Chicago,41.939743,-87.658865,15,8/19/2013 09:29:55,5004
227,Southport Ave & Waveland Ave,Chicago,41.94815,-87.66394,15,8/19/2013 13:15:07,5540
228,Damen Ave & Melrose Ave,Chicago,41.9406,-87.6785,11,8/19/2013 15:50:47,1662
229,Southport Ave & Roscoe St,Chicago,41.943739,-87.66402,19,8/19/2013 16:10:33,6340
230,Lincoln Ave & Roscoe St,Chicago,41.94334,-87.67097,19,8/19/2013 17:20:48,5063
231,Sheridan Rd & Montrose Ave,Chicago,41.96167,-87.65464,23,8/20/2013 10:12:01,5062
232,Pine Grove Ave & Waveland Ave,Chicago,41.949275,-87.646303,23,8/20/2013 11:09:28,6265
233,Sangamon St & Washington Blvd (*),Chicago,41.883004,-87.651148,16,8/20/2013 11:46:11,5156
234,Clark St & Montrose Ave,Chicago,41.961588,-87.666036,19,8/20/2013 14:21:05,2620
236,Sedgwick St & Schiller St,Chicago,41.905664,-87.638517,15,8/20/2013 16:12:39,1408
237,MLK Jr Dr & 29th St,Chicago,41.842052,-87.617,15,8/20/2013 16:56:22,6937
238,Ravenswood Ave & Montrose Ave (*),Chicago,41.961615,-87.674365,16,8/21/2013 09:51:05,2324
239,Western Ave & Leland Ave,Chicago,41.966555,-87.688487,19,8/21/2013 10:50:20,3259
240,Sheridan Rd & Irving Park Rd,Chicago,41.954245,-87.654406,27,8/21/2013 11:07:27,7169
241,Morgan St & Polk St,Chicago ,41.871737,-87.65103,15,8/21/2013 11:57:13,6532
242,Damen Ave & Leland Ave,Chicago ,41.967094,-87.679028,15,8/21/2013 16:08:29,2642
243,Lincoln Ave & Leavitt St,Chicago ,41.962391,-87.684146,15,8/21/2013 16:45:53,2854
244,Ravenswood Ave & Irving Park Rd,Chicago,41.95469,-87.67393,19,8/22/2013 09:49:19,2989
245,Clarendon Ave & Junior Ter,Chicago,41.961004,-87.649603,23,8/22/2013 11:01:23,3396
246,Ashland Ave & Belle Plaine Ave,Chicago,41.956061,-87.668869,11,8/22/2013 12:47:32,1883
247,Shore Dr & 55th St,Chicago,41.795212,-87.580715,19,8/22/2013 12:50:56,4414
248,Woodlawn Ave & 55th St,Chicago,41.795264,-87.596471,19,8/22/2013 14:31:48,1536
249,Montrose Harbor,Chicago,41.963982,-87.638181,31,8/22/2013 17:09:47,11283
250,Ashland Ave & Wellington Ave,Chicago,41.936083,-87.669807,19,8/23/2013 09:09:59,2121
251,Clarendon Ave & Leland Ave,Chicago,41.967968,-87.650001,15,8/26/2013 11:52:52,2418
252,Greenwood Ave & 47th St,Chicago,41.809835,-87.599383,15,8/26/2013 14:33:32,635
253,Clifton Ave & Lawrence Ave,Chicago,41.968873,-87.658857,15,8/31/2013 08:58:02,2843
254,Pine Grove Ave & Irving Park Rd,Chicago,41.954383,-87.648043,15,8/31/2013 09:03:15,7152
255,Indiana Ave & Roosevelt Rd,Chicago,41.867888,-87.623041,39,8/31/2013 10:38:40,15646
256,Broadway & Sheridan Rd,Chicago,41.952833,-87.649993,15,8/31/2013 11:54:12,3602
257,Lincoln Ave & Waveland Ave,Chicago,41.94911,-87.675112,15,8/31/2013 12:17:05,2494
258,Logan Blvd & Elston Ave,Chicago,41.930584,-87.685126,19,8/31/2013 14:15:22,3082
259,California Ave & Francis Pl,Chicago,41.918121,-87.696972,15,9/3/2013 09:39:15,1952
260,Kedzie Ave & Milwaukee Ave,Chicago,41.929567,-87.707857,27,9/3/2013 12:41:21,5499
261,Hermitage Ave & Polk St,Chicago,41.871514,-87.669886,15,9/3/2013 13:15:56,3089
262,Halsted St & 37th St,Chicago,41.827059,-87.64572,11,9/3/2013 13:18:23,327
263,Rhodes Ave & 32nd St,Chicago,41.836208,-87.613533,11,9/3/2013 13:47:37,2118
264,Stetson Ave & South Water St,Chicago,41.886835,-87.62232,19,9/3/2013 15:12:30,7789
265,Cottage Grove Ave & Oakwood Blvd,Chicago,41.822985,-87.6071,15,9/3/2013 17:01:28,1055
267,Lake Park Ave & 47th St,Chicago,41.809443,-87.591875,15,9/4/2013 15:57:31,2022
268,Lake Shore Dr & North Blvd,Chicago,41.911722,-87.626804,39,9/5/2013 09:48:05,33600
270,Stony Island Ave & 75th St,Chicago,41.7586696704,-87.586882871,15,9/5/2013 14:16:18,85
271,Cottage Grove Ave & 43rd St,Chicago,41.816499,-87.606582,11,9/9/2013 16:33:46,409
272,Indiana Ave & 31st St,Chicago,41.838842,-87.621857,11,9/9/2013 16:51:27,2739
273,Michigan Ave & 18th St,Chicago,41.857813,-87.62455,23,9/10/2013 09:13:27,5671
274,Racine Ave & 15th St,Chicago,41.861267,-87.656625,15,9/10/2013 10:45:55,1296
275,Ashland Ave & 13th St,Chicago,41.865234,-87.666507,15,9/10/2013 12:20:45,1061
276,California Ave & North Ave,Chicago,41.91044,-87.6972,11,9/10/2013 14:24:37,1892
277,Ashland Ave & Grand Ave,Chicago,41.891072,-87.666611,15,9/10/2013 14:57:08,2745
278,Wallace St & 35th St,Chicago,41.830629,-87.64129,15,9/10/2013 15:57:33,719
279,Halsted St & 35th St (*),Chicago,41.830661,-87.647172,16,9/11/2013 09:17:44,1313
280,Morgan St & 31st St,Chicago,41.8378,-87.65114,11,9/11/2013 11:50:00,924
281,Western Ave & 24th St,Chicago,41.84847,-87.685109,11,9/11/2013 12:09:03,282
282,Halsted St & Maxwell St,Chicago,41.864883,-87.647071,15,9/11/2013 14:02:23,4120
283,LaSalle St & Jackson Blvd,Chicago,41.87817,-87.631985,31,9/11/2013 15:53:40,11364
284,Michigan Ave & Jackson Blvd,Chicago,41.87785,-87.62408,23,9/12/2013 09:21:22,11850
285,Wood St & Hubbard St,Chicago,41.889587,-87.671956,19,9/12/2013 10:22:36,2322
286,Franklin St & Quincy St,Chicago,41.878724,-87.634793,23,9/12/2013 12:08:05,7438
287,Franklin St & Monroe St,Chicago,41.880317,-87.635185,27,9/12/2013 14:19:49,17494
288,Larrabee St & Armitage Ave,Chicago,41.918084,-87.643749,11,9/12/2013 15:23:17,4008
289,Wells St & Concord Ln,Chicago,41.912133,-87.634656,19,9/13/2013 09:46:47,13256
290,Kedzie Ave & Palmer Ct,Chicago,41.921525,-87.707322,15,9/13/2013 10:50:18,2313
291,Wells St & Evergreen Ave,Chicago,41.906724,-87.63483,19,9/13/2013 12:11:25,7942
292,Southport Ave & Clark St,Chicago,41.957081,-87.664199,11,9/13/2013 14:55:22,1683
293,Broadway & Wilson Ave,Chicago,41.965485,-87.657238,19,9/17/2013 14:59:37,2650
294,Broadway & Berwyn Ave,Chicago,41.978353,-87.659753,15,9/17/2013 15:42:58,3623
295,Broadway & Argyle St,Chicago,41.973815,-87.65966,15,9/17/2013 17:38:47,2217
296,Broadway & Belmont Ave,Chicago,41.940106,-87.645451,15,9/17/2013 17:48:58,6289
297,Paulina St & Montrose Ave,Chicago,41.961507,-87.671387,15,9/18/2013 11:00:26,1279
298,Lincoln Ave & Belle Plaine Ave,Chicago,41.955927,-87.679259,15,9/18/2013 11:51:16,2762
299,Halsted St & Roscoe St,Chicago,41.94367,-87.64895,15,9/18/2013 14:50:25,6631
300,Broadway & Barry Ave,Chicago,41.937725,-87.644095,19,9/18/2013 15:13:12,9840
301,Clark St & Schiller St,Chicago,41.907993,-87.631501,19,9/18/2013 16:18:56,7550
302,Sheffield Ave & Wrightwood Ave,Chicago,41.928712,-87.653833,19,9/18/2013 16:55:36,4588
303,Broadway & Cornelia Ave,Chicago,41.945529,-87.646439,23,9/19/2013 09:39:45,6195
304,Broadway & Waveland Ave,Chicago,41.949065,-87.648601,15,9/19/2013 12:10:46,4664
305,Western Ave & Division St,Chicago,41.902893,-87.687275,15,9/19/2013 12:55:44,3039
306,Sheridan Rd & Buena Ave,Chicago,41.958494,-87.654966,15,9/19/2013 15:36:55,3260
307,Southport Ave & Clybourn Ave,Chicago,41.920771,-87.663712,15,9/19/2013 16:30:42,3799
308,Seeley Ave & Roscoe St,Chicago,41.943403,-87.679618,11,9/19/2013 16:55:13,2233
309,Leavitt St & Armitage Ave,Chicago,41.917805,-87.682437,11,9/19/2013 17:19:44,2413
310,Damen Ave & Charleston St,Chicago,41.920082,-87.677855,11,9/19/2013 17:59:20,2410
311,Leavitt St & Lawrence Ave,Chicago,41.968885,-87.684001,19,9/20/2013 09:23:45,1846
312,Clarendon Ave & Gordon Ter,Chicago,41.957879,-87.649519,15,9/20/2013 09:45:27,4514
313,Lakeview Ave & Fullerton Pkwy,Chicago,41.925858,-87.638973,19,9/20/2013 10:42:10,9570
314,Ravenswood Ave & Berteau Ave,Chicago,41.957921,-87.673567,15,9/20/2013 11:56:03,2404
315,Elston Ave & Wabansia Ave,Chicago,41.912919,-87.664169,23,9/20/2013 12:38:56,2221
316,Damen Ave & Sunnyside Ave,Chicago,41.96325,-87.679258,19,9/20/2013 14:22:52,1648
317,Wood St & Taylor St,Chicago,41.869154,-87.671045,23,9/20/2013 14:44:29,3645
318,Southport Ave & Irving Park Rd,Chicago,41.954177,-87.664358,15,9/20/2013 14:56:02,3246
319,Greenview Ave & Diversey Pkwy,Chicago,41.932595,-87.665939,15,9/20/2013 15:20:20,2329
320,Loomis St & Lexington St,Chicago,41.872187,-87.661501,19,9/20/2013 16:26:22,5727
321,Wabash Ave & 8th St,Chicago,41.871962,-87.626106,19,9/20/2013 16:37:53,6274
322,Kimbark Ave & 53rd St,Chicago,41.799568,-87.594747,19,9/20/2013 16:51:39,3461
323,Sheridan Rd & Lawrence Ave,Chicago,41.969517,-87.654691,15,9/21/2013 11:30:42,1868
324,Stockton Dr & Wrightwood Ave,Chicago,41.93132,-87.638742,15,9/21/2013 11:55:45,5703
325,Clark St & Winnemac Ave,Chicago,41.973385,-87.668365,19,9/23/2013 09:59:55,4095
326,Clark St & Leland Ave,Chicago,41.967096,-87.667429,11,9/23/2013 15:02:29,2531
327,Sheffield Ave & Webster Ave,Chicago,41.92154,-87.653818,19,9/23/2013 15:05:38,6790
328,Ellis Ave & 58th St,Chicago,41.788746,-87.601334,19,9/25/2013 09:38:39,2550
329,Lake Shore Dr & Diversey Pkwy,Chicago,41.932684,-87.63625,15,9/25/2013 09:49:00,7983
330,Lincoln Ave & Addison St,Chicago,41.946176,-87.673308,19,9/25/2013 13:25:17,1275
331,Halsted St & Blackhawk St (*),Chicago,41.908537,-87.648627,20,9/25/2013 13:55:21,7181
332,Halsted St & Diversey Pkwy,Chicago,41.933666,-87.648959,19,9/25/2013 15:35:07,6128
333,Ashland Ave & Blackhawk St,Chicago,41.907066,-87.667252,15,9/25/2013 16:37:22,3609
334,Lake Shore Dr & Belmont Ave,Chicago,41.940775,-87.639192,19,9/26/2013 10:16:21,11336
335,Calumet Ave & 35th St,Chicago,41.831379,-87.618034,15,9/26/2013 10:33:04,914
336,Cottage Grove Ave & 47th St,Chicago,41.809855,-87.606755,15,9/26/2013 11:04:50,637
337,Clark St & Chicago Ave,Chicago,41.896544,-87.630931,19,9/26/2013 15:53:11,6191
338,Calumet Ave & 18th St,Chicago,41.857611,-87.619407,15,9/26/2013 15:59:54,5538
339,Emerald Ave & 31st St,Chicago,41.838198,-87.645143,11,9/27/2013 12:26:08,1622
340,Clark St & Wrightwood Ave,Chicago,41.929546,-87.643118,15,10/1/2013 11:35:48,9093
341,Adler Planetarium,Chicago,41.866095,-87.607267,35,10/3/2013 12:01:36,14555
342,Wolcott Ave & Polk St,Chicago,41.871262,-87.673688,15,10/3/2013 15:04:54,4519
343,Racine Ave & Wrightwood Ave,Chicago,41.928887,-87.658971,15,10/3/2013 15:54:25,3064
344,Ravenswood Ave & Lawrence Ave,Chicago,41.96909,-87.674237,39,10/3/2013 16:21:06,7377
345,Lake Park Ave & 56th St,Chicago,41.793242,-87.587782,19,10/4/2013 11:37:12,2575
346,Ada St & Washington Blvd,Chicago,41.88283,-87.661206,15,10/4/2013 14:37:09,4809
347,Ashland Ave & Grace St,Chicago,41.950687,-87.6687,15,10/4/2013 16:06:46,2630
348,California Ave & 21st St,Chicago,41.854016,-87.695445,15,10/9/2013 16:13:07,439
349,Halsted St & Wrightwood Ave,Chicago,41.929143,-87.649077,15,10/10/2013 12:40:57,6158
350,Ashland Ave & Chicago Ave,Chicago,41.895966,-87.667747,15,10/10/2013 14:22:58,4390
351,Cottage Grove Ave & 51st St,Chicago,41.803038,-87.606615,15,10/10/2013 16:56:42,326
352,Jeffery Blvd & 67th St,Chicago,41.77351755125,-87.5771428255,15,10/28/2013 13:24:15,260
353,Clark St & Touhy Ave,Chicago,42.01256011541,-87.6743671152,15,12/31/2013 14:08:54,251
354,Sheridan Rd & Greenleaf Ave,Chicago,42.01058656284,-87.6624120948,15,12/31/2013 14:09:18,1379
355,South Shore Dr & 67th St,Chicago,41.773643,-87.567514,19,1/9/2014 15:11:10,288
356,Stony Island Ave & 71st St,Chicago,41.7664929373,-87.5864608775,11,3/12/2014 12:27:53,127
359,Larrabee St & Division St,Chicago,41.90348607004,-87.6433534936,23,4/22/2014 15:54:08,5659
364,Larrabee St & Oak St,Chicago,41.90021949323,-87.6429854676,19,1/30/2015 12:38:37,4626
365,Halsted St & North Branch St,Chicago,41.89936843921,-87.6484798752,15,1/30/2015 12:40:21,1588
366,Loomis St & Archer Ave,Chicago,41.84163253965,-87.6574349533,15,1/30/2015 12:43:34,626
367,Racine Ave & 35th St,Chicago,41.83069611252,-87.6559759116,15,1/30/2015 12:47:53,505
368,Ashland Ave & Archer Ave,Chicago,41.83920868403,-87.6656098589,15,1/30/2015 12:51:19,235
369,Wood St & 35th St,Chicago,41.83010465416,-87.6702983089,11,1/30/2015 12:53:32,198
370,Calumet Ave & 21st St,Chicago,41.85418424947,-87.6191537415,15,1/30/2015 13:02:13,2269
373,Kedzie Ave & Chicago Ave,Chicago,41.89546530305,-87.7061278837,15,1/30/2015 13:57:50,376
374,Western Ave & Walton St,Chicago,41.89841768945,-87.6865960164,15,1/30/2015 13:58:17,3142
375,Sacramento Blvd & Franklin Blvd,Chicago,41.889727,-87.70103,11,1/30/2015 13:58:48,167
376,Artesian Ave & Hubbard St,Chicago,41.88949181977,-87.6882193648,35,1/30/2015 13:59:17,2758
377,Kedzie Ave & Lake St,Chicago,41.88460328501,-87.7063037436,19,1/30/2015 13:59:42,584
378,California Ave & Lake St,Chicago,41.88445395657,-87.6962981368,15,1/30/2015 14:00:13,387
381,Western Ave & Monroe St,Chicago,41.8797877089,-87.686112808,15,1/30/2015 14:22:27,633
382,Western Ave & Congress Pkwy,Chicago,41.87474885079,-87.6864452757,19,1/30/2015 14:25:12,795
383,Ashland Ave & Harrison St,Chicago,41.87429061424,-87.6672456361,23,1/30/2015 14:28:10,2304
384,Halsted St & 51st St,Chicago,41.80183164049,-87.645213904,11,1/30/2015 14:37:17,8
385,Princeton Ave & Garfield Blvd,Chicago,41.794982,-87.633124,11,1/30/2015 14:37:50,133
386,Halsted St & 56th St,Chicago,41.79292964599,-87.6449900565,11,1/30/2015 14:38:26,20
388,Halsted St & 63rd St,Chicago,41.77938114228,-87.6446208145,15,1/30/2015 14:41:26,80
390,Wentworth Ave & 63rd St,Chicago,41.78007963264,-87.6297463052,11,1/30/2015 14:42:00,51
391,Halsted St & 69th St,Chicago,41.76906172032,-87.6446135779,11,1/30/2015 14:42:38,22
392,Perry Ave & 69th St,Chicago,41.76929308995,-87.6281959291,11,1/30/2015 14:43:04,5
393,Calumet Ave & 71st St,Chicago,41.76550800581,-87.616917925,11,1/30/2015 14:45:10,7
394,Clark St & 9th St (AMLI),Chicago,41.870816,-87.631246,15,1/30/2015 15:11:29,2801
395,Jeffery Blvd & 76th St,Chicago,41.75712006802,-87.5758393587,15,1/30/2015 17:30:10,45
396,Yates Blvd & 75th St,Chicago,41.758768,-87.56644,11,1/30/2015 17:30:39,26
397,Saginaw Ave & Exchange Ave,Chicago,41.75874583706,-87.5601147813,11,1/30/2015 17:31:10,146
398,Rainbow Beach,Chicago,41.75787144829,-87.54938625,19,1/30/2015 17:31:31,76
399,South Shore Dr & 74th St,Chicago,41.76218896038,-87.55927465,11,1/30/2015 17:31:52,222
400,Cottage Grove Ave & 71st St,Chicago,41.76571903697,-87.604959713,11,1/30/2015 17:32:08,46
401,Shields Ave & 28th Pl,Chicago,41.842733,-87.635491,11,1/30/2015 17:37:00,488
402,Shields Ave & 31st St,Chicago,41.838464,-87.635406,15,1/30/2015 17:37:23,945
403,Wentworth Ave & 33rd St,Chicago,41.83452988563,-87.6318229814,15,1/30/2015 17:37:37,633
405,Wentworth Ave & 35th St,Chicago,41.830777,-87.632504,15,1/30/2015 17:38:21,970
406,Lake Park Ave & 35th St,Chicago,41.83127423549,-87.6087991946,19,1/30/2015 17:38:37,1767
407,State St & Pershing Rd,Chicago,41.82301523798,-87.6265680185,11,1/30/2015 17:38:56,50
408,Union Ave & Root St,Chicago,41.819102,-87.643278,11,1/30/2015 17:39:16,50
409,Shields Ave & 43rd St,Chicago,41.81620767856,-87.6348193497,11,1/30/2015 17:39:31,19
410,Prairie Ave & 43rd St,Chicago,41.81665889302,-87.6194124619,19,1/30/2015 17:39:49,251
411,Halsted St & 47th Pl,Chicago,41.80813391481,-87.6456165545,11,1/30/2015 17:40:06,117
412,Princeton Ave & 47th St,Chicago,41.80931770924,-87.633449288,11,1/30/2015 17:40:22,81
413,Woodlawn Ave & Lake Park Ave,Chicago,41.81409271048,-87.5970051479,15,1/30/2015 17:40:36,737
414,Canal St & Taylor St,Chicago,41.870257,-87.639474,15,1/30/2015 17:40:54,3769
415,Calumet Ave & 51st St,Chicago,41.80229465088,-87.6180535802,15,1/30/2015 17:41:54,154
416,Dorchester Ave & 49th St,Chicago,41.805772,-87.592464,15,1/30/2015 17:42:09,385
417,Cornell Ave & Hyde Park Blvd,Chicago,41.802406,-87.586924,19,1/30/2015 17:42:21,2992
418,Ellis Ave & 53rd St,Chicago,41.79933626261,-87.6009581145,11,1/30/2015 17:42:34,1491
419,Lake Park Ave & 53rd St,Chicago,41.79949429373,-87.5864498959,15,1/30/2015 17:42:51,2459
420,Ellis Ave & 55th St,Chicago,41.79430062054,-87.6014497734,19,1/30/2015 17:43:06,2609
421,MLK Jr Dr & 56th St (*),Chicago,41.79342945658,-87.6158532619,16,1/30/2015 17:43:39,130
422,DuSable Museum,Chicago,41.79156801058,-87.6078521774,15,1/30/2015 17:43:59,492
423,University Ave & 57th St,Chicago,41.791478,-87.599861,27,1/30/2015 17:44:17,5105
424,Museum of Science and Industry,Chicago,41.79172820953,-87.583945009,27,1/30/2015 17:44:30,2531
425,Harper Ave & 59th St,Chicago,41.78794281287,-87.5883151702,15,1/30/2015 17:44:55,1069
426,Ellis Ave & 60th St,Chicago,41.78509714636,-87.6010727606,19,1/30/2015 17:45:11,2871
427,Cottage Grove Ave & 63rd St,Chicago,41.78059901484,-87.606112388,19,1/30/2015 17:45:29,274
428,Dorchester Ave & 63rd St,Chicago,41.7804056457,-87.5914159893,15,1/30/2015 17:45:54,282
429,Cottage Grove Ave & 67th St,Chicago,41.77372095205,-87.60563486,11,1/30/2015 17:46:08,91
430,MLK Jr Dr & 63rd St,Chicago,41.78008063659,-87.6159428567,15,1/30/2015 17:46:22,31
431,Eberhart Ave & 61st St,Chicago,41.78414169317,-87.6133078304,11,1/30/2015 17:46:36,60
432,Clark St & Lunt Ave,Chicago,42.009074,-87.67419,19,2/2/2015 11:32:22,1574
433,Kedzie Ave & Harrison St,Chicago,41.87359967462,-87.7048707493,11,2/10/2015 11:47:26,109
434,Ogden Ave & Roosevelt Rd,Chicago,41.86650148316,-87.68469707,19,2/10/2015 11:47:44,1380
435,Kedzie Ave & Roosevelt Rd,Chicago,41.86649278172,-87.7064961757,15,2/10/2015 11:48:03,222
436,Fairfield Ave & Roosevelt Rd,Chicago,41.866624,-87.694521,15,2/10/2015 11:48:31,312
437,Washtenaw Ave & 15th St (*),Chicago,41.86148,-87.693374,20,2/10/2015 11:48:45,320
438,Central Park Ave & Ogden Ave,Chicago,41.85420431327,-87.7154058381,15,2/10/2015 11:49:09,96
439,Kedzie Ave & 21st St,Chicago,41.85353363213,-87.7050730318,11,2/10/2015 11:49:29,116
440,Lawndale Ave & 23rd St,Chicago,41.8498819465,-87.7170003853,11,2/10/2015 11:49:54,22
441,Kedzie Ave & 24th St,Chicago,41.84819094491,-87.7054137458,11,2/10/2015 11:50:08,35
442,California Ave & 23rd Pl,Chicago,41.84910969176,-87.6951398068,15,2/10/2015 11:50:23,274
443,Millard Ave & 26th St,Chicago,41.84456684891,-87.7159103081,11,2/10/2015 11:50:36,138
444,Albany Ave & 26th St,Chicago,41.84447501366,-87.7020130128,11,2/10/2015 11:50:50,98
445,California Ave & 26th St,Chicago,41.84404003127,-87.6952959227,11,2/10/2015 11:51:07,165
446,Western Ave & 28th St,Chicago,41.84151770807,-87.6851314409,11,2/10/2015 11:51:32,72
447,Glenwood Ave & Morse Ave,Chicago,42.00797192287,-87.6655023944,15,2/10/2015 12:00:33,2015
448,Warren Park East,Chicago,42.00454962194,-87.6806661451,15,2/10/2015 14:02:35,374
449,Clark St & Columbia Ave,Chicago,42.00445062934,-87.6724024047,15,2/10/2015 14:02:48,988
450,Warren Park West,Chicago,42.0020072639,-87.6897262325,15,2/10/2015 14:03:05,412
451,Sheridan Rd & Loyola Ave,Chicago,42.00104377979,-87.6611982433,15,2/10/2015 14:03:20,2238
452,Western Ave & Granville Ave,Chicago,41.99416136902,-87.689438282,15,2/10/2015 14:03:37,445
453,Clark St & Schreiber Ave,Chicago,41.99925182186,-87.6713773393,15,2/10/2015 14:03:52,908
454,Broadway & Granville Ave,Chicago,41.9947796884,-87.6602845349,15,2/10/2015 14:04:12,2590
455,Maplewood Ave & Peterson Ave,Chicago,41.99023602867,-87.6933696402,15,2/10/2015 14:04:28,353
456,2112 W Peterson Ave,Chicago,41.991178,-87.683593,15,2/10/2015 14:04:42,368
457,Clark St & Elmdale Ave,Chicago,41.99089374974,-87.6695833982,19,2/10/2015 14:04:55,1344
458,Broadway & Thorndale Ave,Chicago,41.98974251144,-87.6601406209,19,2/10/2015 14:05:11,2361
459,Lakefront Trail & Bryn Mawr Ave,Chicago,41.98403669612,-87.6523104689,19,2/10/2015 14:05:23,8135
460,Clark St & Bryn Mawr Ave,Chicago,41.983593,-87.669154,15,2/10/2015 14:05:36,2372
461,Broadway & Ridge Ave,Chicago,41.9840446107,-87.6602738295,15,2/10/2015 14:05:50,2380
462,Ravenswood Ave & Balmoral Ave,Chicago,41.97977021745,-87.6758147283,15,2/10/2015 14:06:02,1287
463,Clark St & Berwyn Ave,Chicago,41.9779966544,-87.6680471047,19,2/10/2015 14:06:16,4070
464,Damen Ave & Foster Ave,Chicago,41.97561480459,-87.6794590387,15,2/10/2015 14:06:30,2047
465,Marine Dr & Ainslie St,Chicago,41.9716,-87.650154,23,2/10/2015 14:06:51,3316
466,Ridge Blvd & Touhy Ave,Chicago,42.01213227742,-87.6829126443,15,2/10/2015 14:11:37,379
467,Western Ave & Lunt Ave,Chicago,42.0085943972,-87.6904922389,15,2/10/2015 14:11:49,419
468,Budlong Woods Library,Chicago,41.98366470886,-87.6964225611,15,2/10/2015 14:12:00,370
469,St. Louis Ave & Balmoral Ave,Chicago,41.98039423475,-87.7161149615,15,2/10/2015 14:36:05,591
470,Kedzie Ave & Foster Ave,Chicago,41.975672,-87.709261,15,2/10/2015 14:36:19,472
471,Francisco Ave & Foster Ave,Chicago,41.97563272521,-87.7014194389,15,2/10/2015 14:36:33,944
472,Lincoln Ave & Winona St,Chicago,41.97491129677,-87.6925025594,15,2/10/2015 14:36:56,753
474,Christiana Ave & Lawrence Ave,Chicago,41.96835449363,-87.7118306675,15,2/10/2015 14:37:47,831
475,Washtenaw Ave & Lawrence Ave,Chicago,41.96871106859,-87.6961695698,15,2/10/2015 14:38:00,887
476,Kedzie Ave & Leland Ave,Chicago,41.96668636205,-87.7080519806,15,2/10/2015 14:38:13,642
477,Manor Ave & Leland Ave,Chicago,41.96631752876,-87.7010826773,11,2/10/2015 14:38:27,647
478,Rockwell St & Eastwood Ave,Chicago,41.96590013976,-87.6936384935,15,2/10/2015 14:38:39,1634
479,Drake Ave & Montrose Ave,Chicago,41.96115407569,-87.7165690733,11,2/10/2015 14:38:54,843
480,Albany (Kedzie) Ave & Montrose Ave,Chicago,41.961041,-87.705866,15,2/10/2015 14:39:09,787
481,California Ave & Montrose Ave,Chicago,41.961068,-87.695439,15,2/10/2015 14:39:21,765
482,Campbell Ave & Montrose Ave,Chicago,41.96152593287,-87.6911650414,15,2/10/2015 14:39:32,1418
483,Avondale Ave & Irving Park Rd,Chicago,41.953393,-87.732002,19,2/10/2015 14:39:46,887
484,Monticello Ave & Irving Park Rd,Chicago,41.95400483876,-87.7191281797,15,2/10/2015 14:39:59,766
485,Sawyer Ave & Irving Park Rd,Chicago,41.95358617895,-87.7093107999,15,2/10/2015 14:40:11,603
486,Oakley Ave & Irving Park Rd,Chicago,41.95434085219,-87.6860796243,15,2/10/2015 14:40:27,1399
487,California Ave & Byron St,Chicago,41.95216219326,-87.698051113,19,2/10/2015 14:40:41,655
488,Pulaski Rd & Eddy St,Chicago,41.94563644092,-87.7277368138,11,2/10/2015 14:40:53,171
489,Drake Ave & Addison St,Chicago,41.947326,-87.717582,15,2/10/2015 14:41:07,727
490,Troy St & Elston Ave,Chicago,41.94524356848,-87.7066499009,15,2/10/2015 14:41:22,1276
491,Talman Ave & Addison St,Chicago,41.9466358306,-87.694614758,15,2/10/2015 14:41:37,1347
492,Leavitt St & Addison St,Chicago,41.946655,-87.683359,15,2/10/2015 14:41:49,1227
493,Oakley Ave & Roscoe St,Chicago,41.942916,-87.685801,15,2/10/2015 14:42:02,1826
494,Kedzie Ave & Bryn Mawr Ave,Chicago,41.98239708485,-87.7089225202,15,2/10/2015 14:42:15,269
495,Keystone Ave & Montrose Ave,Chicago,41.96110801623,-87.7289701012,15,2/10/2015 14:42:31,336
496,Avers Ave & Belmont Ave,Chicago,41.939364,-87.722247,11,2/10/2015 14:47:18,689
497,Kimball Ave & Belmont Ave,Chicago,41.939398,-87.711561,23,2/10/2015 14:47:43,1144
498,California Ave & Fletcher St,Chicago,41.93842879148,-87.698007756,19,2/10/2015 14:47:54,1019
499,Kosciuszko Park,Chicago,41.93058537138,-87.7237773635,15,2/10/2015 14:48:08,850
500,Central Park Ave & Elbridge Ave,Chicago,41.93533728263,-87.7168892935,15,2/10/2015 14:48:20,592
501,Richmond St & Diversey Ave,Chicago,41.93190196886,-87.7011951301,15,2/10/2015 14:48:43,1446
502,California Ave & Altgeld St,Chicago,41.92669,-87.697668,15,2/10/2015 14:48:55,1392
503,Drake Ave & Fullerton Ave,Chicago,41.924398819,-87.7154410355,15,2/10/2015 14:49:10,1369
504,Campbell Ave & Fullerton Ave,Chicago,41.92463247165,-87.6893070063,15,2/10/2015 14:49:25,1935
505,Winchester Ave & Elston Ave,Chicago,41.92409085038,-87.6764600747,15,2/10/2015 14:49:40,1186
506,Spaulding Ave & Armitage Ave,Chicago,41.91718375155,-87.7103566522,15,2/10/2015 14:50:00,2043
507,Humboldt Blvd & Armitage Ave,Chicago,41.91751339399,-87.7018089555,19,2/10/2015 14:50:12,3021
508,Central Park Ave & North Ave,Chicago,41.90965687563,-87.7166319516,15,2/10/2015 14:50:26,756
509,Troy St & North Ave,Chicago,41.90976930169,-87.7052804871,15,2/10/2015 14:50:38,1167
510,Spaulding Ave & Division St,Chicago,41.90270659438,-87.709219571,15,2/10/2015 14:51:02,572
511,Albany Ave & Bloomingdale Ave,Chicago,41.91402671273,-87.705126462,15,2/10/2015 14:51:14,3050
514,Ridge Blvd & Howard St,Chicago,42.019276,-87.68452,15,5/12/2016 17:35:14,255
515,Paulina St & Howard St,Chicago,42.019159,-87.673573,23,5/12/2016 17:36:16,1176
517,Clark St & Jarvis Ave,Chicago,42.015963,-87.675005,15,5/12/2016 17:38:02,588
518,Conservatory Dr & Lake St,Chicago,41.885502,-87.716866,15,5/24/2016 15:32:31,367
519,Wolcott Ave & Fargo Ave,Chicago,42.016977,-87.677725,11,5/24/2016 15:40:32,156
520,Greenview Ave & Jarvis Ave,Chicago,42.015962,-87.66857,23,5/24/2016 15:41:28,1387
522,Bosworth Ave & Howard St,Chicago,42.019537,-87.669563,15,5/24/2016 15:43:13,475
523,Eastlake Ter & Rogers Ave,Chicago,42.021019,-87.665086,15,5/24/2016 15:44:23,1432
524,Austin Blvd & Chicago Ave,Chicago,41.894887,-87.774704,11,5/24/2016 15:45:52,164
525,Glenwood Ave & Touhy Ave,Chicago,42.012701,-87.666058,15,5/24/2016 15:47:11,295
526,Oakley Ave & Touhy Ave,Chicago,42.012342,-87.688243,15,5/24/2016 15:48:11,195
527,Western Ave & Howard St,Chicago,42.018901,-87.690048,19,5/24/2016 15:49:31,260
528,Pulaski Rd & Lake St,Chicago,41.885409,-87.726491,15,5/24/2016 15:50:53,164
529,Cicero Ave & Lake St,Chicago,41.886841,-87.745261,15,5/27/2016 08:35:11,27
530,Laramie Ave & Kinzie St,Chicago,41.887832,-87.755527,15,5/27/2016 08:37:00,21
531,Central Ave & Lake St,Chicago,41.887664,-87.765469,15,5/27/2016 08:38:16,41
532,Austin Blvd & Lake St,Chicago,41.887919,-87.774446,15,5/27/2016 08:38:49,136
533,Central Park Blvd & 5th Ave,Chicago,41.875679,-87.71547,15,5/27/2016 08:40:08,64
534,Pulaski Rd & Madison St,Chicago,41.880827,-87.726279,15,5/27/2016 08:41:19,78
535,Pulaski Rd & Congress Pkwy,Chicago,41.874325,-87.725704,15,5/27/2016 08:41:52,56
536,Kostner Ave & Lake St,Chicago,41.885928,-87.73541,15,5/27/2016 08:42:32,36
537,Kenton Ave & Madison St,Chicago,41.880708,-87.741018,15,5/27/2016 08:43:12,13
538,Cicero Ave & Flournoy St,Chicago,41.872131,-87.746619,15,5/27/2016 08:43:48,9
539,Cicero Ave & Quincy St,Chicago,41.877613,-87.745405,15,5/27/2016 08:44:28,26
540,Laramie Ave & Madison St,Chicago,41.880207,-87.755337,15,5/27/2016 08:46:44,34
541,Central Ave & Harrison St,Chicago,41.872993,-87.764499,15,5/27/2016 08:49:17,78
542,Central Ave & Madison St,Chicago,41.880121,-87.763238,15,5/27/2016 09:03:10,88
543,Laramie Ave & Gladys Ave,Chicago,41.875806,-87.755285,15,5/27/2016 09:04:28,34
544,Mason Ave & Madison St,Chicago,41.87998,-87.773264,15,5/27/2016 09:05:02,60
545,Kostner Ave & Adams St,Chicago,41.877917,-87.735737,15,5/27/2016 09:05:39,17
546,Damen Ave & Pershing Rd,Chicago,41.823192,-87.676597,11,5/27/2016 09:13:00,110
547,Ashland Ave & Pershing Rd,Chicago,41.823465,-87.665577,11,5/27/2016 09:24:35,95
548,Morgan St & Pershing Rd,Chicago,41.823613,-87.650931,11,5/27/2016 09:25:06,10
549,Marshfield Ave & 44th St,Chicago,41.813996,-87.666589,11,5/27/2016 09:25:31,20
550,Central Ave & Chicago Ave,Chicago,41.894958,-87.764902,11,5/27/2016 09:25:56,47
551,Hoyne Ave & 47th St,Chicago,41.808227,-87.67718,11,5/27/2016 09:29:16,41
552,Ashland Ave & McDowell Ave,Chicago,41.80887,-87.66454,11,5/27/2016 09:30:22,147
553,Elizabeth St & 47th St,Chicago,41.80839,-87.656526,11,5/27/2016 10:03:12,38
554,Damen Ave & 51st St,Chicago,41.800908,-87.674684,11,5/27/2016 10:15:12,53
555,Ashland Ave & 50th St,Chicago,41.803023,-87.664699,11,5/27/2016 10:16:03,37
556,Throop St & 52nd St,Chicago,41.799659,-87.657195,11,5/27/2016 10:48:18,4
557,Seeley Ave & Garfield Blvd,Chicago,41.794087,-87.675478,11,5/27/2016 10:48:53,4
558,Ashland Ave & Garfield Blvd,Chicago,41.792822,-87.664429,11,5/27/2016 10:49:17,1
559,Racine Ave & Garfield Blvd,Chicago,41.794694,-87.654947,11,5/27/2016 10:49:44,7
560,Marshfield Ave & 59th St,Chicago,41.786833,-87.666215,11,5/27/2016 10:50:20,14
561,Damen Ave & 59th St,Chicago,41.78602,-87.674167,11,5/27/2016 10:50:53,22
562,Racine Ave & 61st St,Chicago,41.783189,-87.654372,11,5/27/2016 10:51:16,6
563,Ashland Ave & 63rd St,Chicago,41.779374,-87.664843,15,5/27/2016 10:51:39,18
564,Racine Ave & 65th St,Chicago,41.775393,-87.654308,11,5/27/2016 10:52:09,6
565,Ashland Ave & 66th St,Chicago,41.774074,-87.663815,11,5/27/2016 10:52:35,2
566,Ashland Ave & 69th St,Chicago,41.768726,-87.664069,11,5/27/2016 10:53:08,8
567,May St & 69th St,Chicago,41.768938,-87.652934,11,5/27/2016 10:53:33,3
568,Normal Ave & 72nd St,Chicago,41.763462,-87.637297,11,5/27/2016 10:54:05,10
569,Woodlawn Ave & 75th St,Chicago,41.75916,-87.595751,15,5/27/2016 10:54:32,12
570,Evans Ave & 75th St,Chicago,41.758308,-87.606685,11,5/27/2016 10:55:05,12
571,Vernon Ave & 75th St,Chicago,41.758361,-87.614138,11,5/27/2016 10:55:30,29
572,State St & 76th St,Chicago,41.756971,-87.624621,11,5/27/2016 10:56:20,3
573,State St & 79th St,Chicago,41.750794,-87.624424,15,5/27/2016 10:56:54,36
574,Vernon Ave & 79th St,Chicago,41.750951,-87.613783,11,5/27/2016 10:57:20,10
575,Cottage Grove Ave & 78th St,Chicago,41.753174,-87.605026,11,5/27/2016 10:57:43,37
576,Greenwood Ave & 79th St,Chicago,41.751294,-87.597552,15,5/27/2016 11:29:41,10
577,Stony Island Ave & South Chicago Ave,Chicago,41.751173,-87.585337,11,5/27/2016 11:31:07,24
579,Phillips Ave & 79th St,Chicago,41.75182,-87.565211,11,5/27/2016 11:32:12,4
580,Exchange Ave & 79th St,Chicago,41.751731,-87.552812,15,5/27/2016 11:32:59,13
581,Commercial Ave & 83rd St,Chicago,41.744607,-87.551201,15,5/27/2016 11:33:35,15
582,Phillips Ave & 82nd St,Chicago,41.746334,-87.564725,11,5/27/2016 11:34:21,5
583,Stony Island Ave & 82nd St,Chicago,41.746559,-87.586005,11,5/27/2016 11:34:53,29
584,Ellis Ave & 83rd St,Chicago,41.744123,-87.599034,15,5/27/2016 11:35:20,13
585,Cottage Grove Ave & 83rd St,Chicago,41.744053,-87.604786,11,5/27/2016 11:36:16,19
586,MLK Jr Dr & 83rd St,Chicago,41.743116,-87.6148,11,5/27/2016 11:36:53,29
587,Wabash Ave & 83rd St,Chicago,41.743316,-87.622849,11,5/27/2016 11:37:24,37
588,South Chicago Ave & 83rd St,Chicago,41.743921,-87.575225,11,5/27/2016 11:38:02,8
589,Milwaukee Ave & Cuyler Ave,Chicago,41.954468,-87.749594,15,5/27/2016 11:39:23,167
590,Kilbourn Ave & Irving Park Rd,Chicago,41.953733,-87.740569,15,5/27/2016 11:39:45,395
591,Kilbourn Ave & Milwaukee Ave,Chicago,41.948818,-87.74002,23,5/27/2016 11:40:20,303
592,Knox Ave & Montrose Ave,Chicago,41.960631,-87.745359,15,5/27/2016 11:40:49,252
593,Halsted St & 59th St,Chicago,41.787539,-87.644874,11,5/27/2016 11:41:26,2
594,Western Blvd & 48th Pl,Chicago,41.805661,-87.683392,15,5/27/2016 11:42:34,76
595,Wabash Ave & 87th St,Chicago,41.736646,-87.622634,15,5/27/2016 11:42:56,5
596,Benson Ave & Church St,Evanston,42.048214,-87.683485,15,6/14/2016 11:00:57,2927
597,Chicago Ave & Washington St,Evanston,42.032562,-87.679101,15,6/14/2016 11:01:36,1743
598,Elmwood Ave & Austin St,Evanston,42.025784,-87.684107,15,6/14/2016 11:02:23,339
599,Valli Produce - Evanston Plaza,Evanston,42.039742,-87.699413,15,6/14/2016 11:03:05,255
600,Dodge Ave & Church St,Evanston,42.048308,-87.698224,15,6/14/2016 11:03:42,466
601,Central St Metra,Evanston,42.063598,-87.69873,15,6/14/2016 11:04:14,596
602,Central St & Girard Ave,Evanston,42.063999,-87.685962,15,6/14/2016 11:04:40,631
603,Chicago Ave & Sheridan Rd,Evanston,42.050491,-87.677821,15,6/14/2016 11:05:12,1677
604,Sheridan Rd & Noyes St (NU),Evanston,42.058239,-87.677432,15,6/14/2016 11:05:42,2022
605,University Library (NU),Evanston,42.052939,-87.673447,15,6/14/2016 11:06:21,1767
606,Forest Ave & Chicago Ave,Oak Park,41.894355,-87.80022,19,6/23/2016 12:21:48,937
607,Cuyler Ave & Augusta St,Oak Park,41.898168,-87.783055,11,6/23/2016 12:22:45,493
608,Humphrey Ave & Ontario St,Oak Park,41.890249,-87.778281,11,6/23/2016 12:23:22,153
609,Forest Ave & Lake St,Oak Park,41.88891,-87.800255,15,6/23/2016 12:23:59,772
610,Marion St & South Blvd,Oak Park,41.88681,-87.80287,19,6/23/2016 12:24:30,1078
611,Oak Park Ave & South Blvd,Oak Park,41.886923,-87.793899,19,6/23/2016 12:25:00,631
612,Ridgeland Ave & Lake St,Oak Park,41.888085,-87.785236,15,6/23/2016 12:25:30,586
613,Wisconsin Ave & Madison St,Oak Park,41.879837,-87.80224,11,6/23/2016 12:26:01,640
614,East Ave & Madison St,Oak Park,41.880113,-87.789247,15,6/23/2016 12:26:27,316
615,Lombard Ave & Madison St,Oak Park,41.87981,-87.779425,15,6/23/2016 12:27:02,298
616,Oak Park Ave & Harrison St,Oak Park,41.872987,-87.793945,19,6/23/2016 12:27:31,458
617,East Ave & Garfield St,Oak Park,41.871312,-87.788938,19,6/23/2016 12:27:57,303
618,Lombard Ave & Garfield St,Oak Park,41.870699,-87.778797,19,6/23/2016 12:28:34,316
619,Keystone Ave & Fullerton Ave,Chicago,41.924361,-87.727752,15,7/7/2016 16:46:01,505
620,Orleans St & Chestnut St (NEXT Apts),Chicago,41.898203,-87.637536,15,7/7/2016 16:46:26,2075
622,California Ave & Cortez St,Chicago,41.900363,-87.696704,0,4/27/2017 09:17:08,1197
623,Michigan Ave & 8th St,Chicago,41.872773,-87.623981,23,6/13/2017 15:23:53,1908